index,label,prediction,e2e_us,kernel_us
0,0,0,17958.129,1028.381
1,1,1,17594.966,1030.659
2,1,1,16977.538,1027.267
3,1,0,19927.003,1029.452
4,1,1,16895.471,1028.824
5,1,1,19952.806,1039.526
6,1,1,19721.538,1024.979
7,1,1,17459.009,1031.895
8,1,1,19874.997,1027.945
9,1,1,18023.416,1027.649
10,1,1,17544.295,1030.382
11,1,1,18052.486,1035.840
12,1,1,17590.714,1026.628
13,1,1,17080.757,1027.705
14,1,1,18085.563,1026.301
15,1,1,17102.394,1024.450
16,1,1,16815.550,1030.240
17,1,1,17064.332,1031.015
18,1,1,18004.947,1025.742
19,1,1,19517.539,1030.486
20,1,1,16940.117,1025.360
21,1,1,19788.295,1048.314
22,1,1,17394.406,1028.880
23,1,1,18023.957,1030.781
24,1,1,17720.560,1028.868
25,1,1,17023.797,1039.200
26,1,1,16937.662,1027.256
27,0,0,19536.523,1028.382
28,1,1,17101.391,1030.240
29,1,1,17117.034,1033.747
30,1,1,18998.191,1025.704
31,1,1,17448.948,1031.200
32,1,1,19840.622,1031.138
33,1,1,17711.378,1029.310
34,0,0,19612.498,1032.462
35,1,1,16659.354,1027.779
36,0,0,20096.812,1029.390
37,1,1,19921.440,1030.670
38,1,1,16979.028,1031.975
39,1,1,19586.455,1033.576
40,0,0,19964.043,1027.132
41,1,1,18169.914,1031.736
42,1,1,17065.169,1027.150
43,0,0,19797.397,1029.040
44,1,1,19909.163,1032.554
45,1,1,19792.425,1024.554
46,1,1,15648.437,1028.591
47,1,1,17146.222,1029.687
48,1,1,16950.449,1032.640
49,1,1,19841.150,1030.135
50,1,1,17040.960,1028.197
51,1,1,19766.733,1038.381
52,1,1,17418.646,1028.382
53,1,1,19596.382,1028.659
54,1,1,19915.785,1030.031
55,1,1,19916.216,1025.594
56,1,1,19701.532,1030.197
57,0,0,19699.157,1030.258
58,1,1,18105.120,1032.326
59,1,1,19855.785,1035.570
60,1,1,17021.145,1032.345
61,0,0,20106.504,1025.452
62,1,1,19923.083,1029.323
63,0,0,20224.394,1030.412
64,1,1,19869.513,1031.003
65,0,0,20146.572,1028.529
66,1,1,17802.135,1029.680
67,0,0,19984.289,1040.117
68,1,1,17880.283,1030.849
69,1,1,17522.979,1027.144
70,1,1,19820.887,1029.028
71,1,1,19764.252,1027.274
72,1,1,17806.862,1031.280
73,1,0,19935.938,1027.582
74,1,1,17045.261,1028.413
75,1,1,19744.677,1032.616
76,0,0,19884.566,1027.157
77,1,1,16939.625,1029.040
78,1,1,16957.606,1030.843
79,1,1,17090.960,1029.317
80,0,0,19828.252,1033.077
81,0,0,20125.625,1029.582
82,1,1,18463.791,1121.095
83,1,1,16879.643,1028.462
84,1,1,17015.773,1028.259
85,1,1,19887.101,1026.813
86,0,1,18450.997,1031.274
87,1,1,25076.560,1030.954
88,1,0,26885.624,1031.182
89,1,1,15919.169,1034.197
90,1,1,20016.092,1029.710
91,1,0,20004.179,1037.341
92,1,1,20147.187,1031.126
93,1,1,20000.148,1038.277
94,1,1,17779.840,1028.960
95,1,1,18111.138,1030.837
96,1,1,19985.348,1025.705
97,1,1,17052.898,1030.499
98,1,1,19855.809,1031.139
99,1,1,19858.739,1028.080
100,1,1,17590.579,1031.994
101,1,1,19979.452,1028.049
102,1,1,16885.390,1028.972
103,1,1,17731.760,1031.083
104,1,0,20064.627,1025.453
105,1,1,19713.163,1031.065
106,1,0,20100.135,1030.018
107,1,0,19991.212,1026.966
108,1,1,18064.825,1026.228
109,1,1,18064.215,1026.948
110,0,0,20291.698,1027.452
111,1,1,17132.179,1120.978
112,1,1,19031.483,1027.267
113,1,1,17852.960,1031.692
114,1,1,17014.511,1023.304
115,1,1,17079.987,1031.729
116,1,1,16906.862,1033.003
117,0,0,20072.554,1030.080
118,1,1,17743.403,1030.080
119,1,1,18449.975,1031.059
120,1,1,19399.047,1027.686
121,1,1,17106.295,1035.163
122,1,1,17595.514,1032.455
123,1,1,19757.742,1028.671
124,0,0,19814.738,1028.665
125,1,1,17060.436,1028.382
126,1,1,17137.483,1028.393
127,1,1,19885.391,1029.945
128,1,1,15590.486,1030.775
129,0,1,18824.708,1029.994
130,0,0,20071.865,1027.594
131,1,1,17994.190,1029.132
132,1,1,19902.006,1030.634
133,1,1,19969.969,1027.926
134,0,0,20081.976,1029.064
135,1,1,19870.942,1027.969
136,1,1,19726.991,1025.089
137,1,1,17032.166,1029.157
138,0,0,19908.338,1027.557
139,1,1,17711.766,1052.055
140,0,0,20000.947,1043.353
141,1,1,19718.936,1026.941
142,1,1,16913.385,1031.840
143,1,1,17881.514,1031.501
144,1,1,15205.533,1044.271
145,1,1,19752.843,1034.443
146,1,1,19891.976,1031.083
147,1,1,19778.006,1026.363
148,1,1,16882.763,1027.317
149,1,1,17042.788,1026.837
150,1,1,19824.240,1029.507
151,1,1,19906.510,1024.867
152,1,1,18585.901,1025.969
153,1,1,16989.496,1032.234
154,1,1,17800.806,1031.163
155,1,1,17073.410,1028.000
156,1,1,20043.293,1029.224
157,1,1,19835.748,1027.391
158,0,0,20075.963,1027.901
159,1,1,17501.520,1029.723
160,1,1,18106.443,1028.111
161,1,0,18912.364,1029.120
162,1,1,16992.185,1029.742
163,1,1,17047.040,1030.135
164,0,0,20108.037,1029.569
165,0,0,19849.354,1028.923
166,1,1,17015.791,1028.320
167,0,0,20592.744,1029.016
168,1,1,19803.661,1039.132
169,0,0,19777.822,1039.945
170,0,1,19818.732,1032.880
171,1,1,17932.499,1030.634
172,1,1,17018.701,1029.710
173,1,1,16979.175,1026.794
174,1,1,17528.185,1046.628
175,1,1,16839.766,1032.197
176,0,0,19992.548,1025.163
177,1,1,17052.154,1025.330
178,1,1,18110.511,1028.794
179,1,1,19903.372,1028.344
180,1,1,19079.981,1036.880
181,1,1,19174.031,1042.006
182,1,1,16885.102,1027.514
183,1,1,17138.917,1027.187
184,1,1,17046.074,1025.606
185,1,1,17515.538,1024.793
186,1,1,19674.911,1024.905
187,0,1,19593.513,1025.403
188,1,1,16920.597,1037.963
189,1,1,19847.902,1027.483
190,0,0,20184.997,1024.456
191,1,1,17791.446,1025.994
192,1,1,19099.163,1024.590
193,1,1,17750.782,1027.588
194,1,1,17684.855,1028.320
195,1,1,17001.773,1023.735
196,0,0,19942.886,1025.391
197,1,1,17117.864,1024.277
198,1,1,17060.098,1022.437
199,1,1,19553.434,1039.342
200,0,0,20056.720,1027.397
201,1,1,17546.117,1035.852
202,1,1,19882.695,1022.621
203,1,1,19790.419,1028.209
204,1,1,16941.391,1037.335
205,1,1,18104.948,1026.683
206,1,1,18106.973,1104.911
207,1,1,17899.569,1028.905
208,1,1,20024.019,1026.720
209,0,0,20156.609,1026.099
210,1,1,19828.646,1025.600
211,1,1,19682.012,1026.382
212,1,1,18013.988,1038.948
213,0,0,20008.067,1021.957
214,1,1,18058.172,1041.243
215,0,0,19827.489,1023.458
216,1,1,19939.046,1026.948
217,1,1,17484.172,1026.080
218,0,0,17704.547,1038.345
219,1,1,20629.693,1038.080
220,1,1,16955.348,1026.677
221,1,1,18078.670,1026.246
222,1,1,17125.625,1037.305
223,1,1,16983.920,1028.744
224,0,0,19718.129,1026.093
225,1,1,18067.945,1026.689
226,0,0,19957.453,1025.810
227,1,1,19432.633,1023.822
228,1,1,17029.353,1036.665
229,1,1,17620.978,1038.339
230,1,1,19679.631,1027.741
231,1,1,16934.105,1024.375
232,1,1,16993.747,1023.403
233,1,1,17037.526,1023.132
234,1,0,19593.834,1023.950
235,1,1,19748.523,1026.566
236,1,1,20011.305,1026.449
237,1,1,19343.711,1026.880
238,1,1,16867.495,1040.190
239,1,1,19594.025,1038.209
240,1,1,17536.357,1024.375
241,1,1,17110.419,1025.736
242,1,1,19903.354,1023.391
243,1,1,17275.612,1028.498
244,1,1,17928.332,1025.053
245,1,1,19778.498,1023.877
246,1,1,16934.763,1026.591
247,0,0,19835.772,1026.819
248,1,1,15676.750,1043.723
249,1,1,16872.049,1022.750
250,1,1,18492.701,1023.040
251,1,1,16983.945,1029.102
252,1,1,17079.938,1022.603
253,1,1,19614.449,1029.299
254,1,1,18412.190,1023.335
255,1,1,17946.794,1037.544
256,1,1,18732.899,1027.077
257,1,1,19751.717,1025.304
258,1,1,17103.926,1028.997
259,0,0,20133.692,1025.169
260,0,0,20099.575,1025.416
261,1,1,19926.104,1023.822
262,1,1,16944.676,1026.646
263,1,1,17021.323,1037.520
264,1,1,16996.492,1025.440
265,1,1,16988.930,1035.027
266,1,1,19801.052,1037.736
267,1,1,16949.840,1027.058
268,1,1,17751.102,1025.563
269,1,1,17204.899,1028.006
270,1,1,16901.459,1024.284
271,1,0,20813.859,1024.898
272,1,1,16940.720,1025.939
273,1,1,18250.997,1025.544
274,1,1,19718.283,1022.013
275,0,0,20333.336,1040.609
276,1,1,19883.397,1039.545
277,1,1,19890.074,1024.929
278,0,0,20044.283,1021.920
279,1,1,15766.388,1042.664
280,1,0,19975.748,1025.286
281,1,1,16973.754,1027.766
282,1,1,16922.425,1023.748
283,1,1,17548.911,1039.077
284,1,1,17454.720,1028.621
285,1,1,19865.317,1030.911
286,1,1,17922.646,1027.145
287,1,1,17152.597,1026.172
288,0,0,19890.332,1027.059
289,1,1,17597.065,1025.723
290,1,1,16992.984,1040.597
291,1,1,15647.514,1026.154
292,1,1,17520.277,1029.046
293,1,1,19952.036,1039.766
294,1,1,17004.671,1036.055
295,1,1,16926.031,1038.886
296,1,1,17037.416,1024.800
297,1,1,16957.256,1025.797
298,1,1,16843.237,1026.486
299,0,0,20098.252,1025.175
300,1,1,19902.856,1024.597
301,1,1,18026.425,1026.702
302,1,1,16922.147,1021.144
303,1,1,17039.748,1039.723
304,1,1,16526.757,1026.745
305,1,1,18350.529,1025.575
306,1,1,17555.003,1025.182
307,1,1,18013.539,1040.800
308,1,1,16928.824,1038.640
309,1,1,16955.347,1024.461
310,1,0,20069.114,1026.874
311,1,1,17142.904,1036.930
312,1,1,16999.981,1025.255
313,1,1,16947.797,1027.649
314,1,1,17005.373,1027.698
315,1,1,17177.280,1129.176
316,1,1,19741.532,1024.437
317,1,0,19184.375,1075.680
318,1,1,17567.895,1024.302
319,0,0,19557.089,1025.471
320,1,1,18012.935,1038.326
321,1,1,18117.969,1035.225
322,1,1,18795.261,1025.323
323,1,1,20055.834,1040.154
324,1,1,17563.914,1084.203
325,1,1,19857.397,1037.847
326,1,1,19897.495,1025.772
327,1,1,17491.619,1025.988
328,1,1,19892.369,1026.394
329,1,1,16638.554,1022.031
330,1,1,19805.723,1024.966
331,1,1,17133.877,1027.889
332,1,1,19805.311,1110.104
333,0,0,20092.007,1026.830
334,1,1,19355.200,1025.588
335,1,1,19583.686,1025.304
336,1,1,16970.880,1028.991
337,0,1,19873.773,1026.954
338,1,1,17595.280,1037.003
339,1,1,19884.123,1027.908
340,1,1,15609.600,1032.178
341,1,1,19751.513,1033.736
342,1,1,19790.924,1041.317
343,1,1,16864.308,1027.212
344,1,1,19874.867,1026.646
345,1,1,19803.618,1028.843
346,1,1,17065.717,1037.803
347,1,1,19872.234,1029.532
348,1,1,19815.902,1028.831
349,1,1,17052.166,1026.320
350,1,1,17625.372,1037.932
351,1,0,19981.686,1028.406
352,1,1,17433.593,1023.600
353,1,1,19942.228,1025.373
354,1,1,19029.674,1024.818
355,0,0,20158.898,1028.302
356,1,1,19754.314,1026.751
357,1,1,17153.618,1028.086
358,1,1,16933.347,1022.849
359,1,1,17544.160,1027.120
360,1,1,17555.834,1024.215
361,1,1,17108.000,1027.858
362,1,1,16939.514,1027.095
363,1,1,19882.517,1036.480
364,0,0,20188.068,1029.545
365,1,1,19871.741,1024.985
366,1,1,17059.828,1024.720
367,1,1,17520.707,1024.025
368,1,1,19774.947,1027.126
369,1,1,19904.400,1026.861
370,1,1,20098.523,1038.979
371,1,1,18265.908,1026.111
372,1,1,20225.828,1026.019
373,1,1,20600.092,1081.348
374,1,1,19474.080,1028.499
375,1,1,18077.908,1041.163
376,1,1,20977.994,1027.901
377,1,1,18868.843,1050.499
378,1,1,18116.664,1023.748
379,1,1,18502.701,1045.169
380,1,1,18430.824,1041.151
381,0,0,21459.046,1032.209
382,1,1,21422.363,1033.827
383,1,1,20365.310,1038.019
384,1,1,17010.006,1039.428
385,0,0,20043.957,1023.182
386,1,1,19748.573,1027.704
387,1,1,17619.218,1039.693
388,1,1,17478.203,1111.495
389,1,1,16877.102,1038.246
390,1,1,19853.120,1024.012
391,1,1,19950.787,1041.071
392,1,0,19709.563,1038.689
393,1,1,18128.332,1028.898
394,1,1,17157.773,1025.969
395,1,1,19910.733,1037.237
396,1,1,17062.449,1104.855
397,1,1,15596.757,1026.739
398,1,1,18151.114,1024.449
399,1,1,17106.123,1026.787
400,1,1,19629.299,1038.246
401,1,1,19793.951,1026.117
402,1,1,17397.188,1023.778
403,1,1,17609.243,1026.375
404,1,1,18896.474,1024.763
405,1,0,20013.619,1040.332
406,1,1,18123.969,1039.213
407,1,1,17191.224,1041.348
408,1,1,16834.320,1024.553
409,1,1,16611.219,1038.455
410,1,1,19834.227,1032.037
411,1,1,17016.947,1036.037
412,1,0,18995.249,1027.797
413,0,0,20069.108,1027.305
414,1,1,19878.739,1029.495
415,1,1,17680.548,1025.667
416,1,1,19828.277,1026.425
417,1,1,19960.517,1022.948
418,0,0,20110.683,1026.622
419,1,1,17623.981,1036.068
420,0,0,20106.314,1038.000
421,1,0,20163.759,1028.209
422,1,1,17038.130,1027.791
423,1,1,17033.957,1025.594
424,0,0,20131.587,1027.071
425,1,1,16967.132,1039.582
426,1,1,16989.674,1026.781
427,1,1,17741.630,1024.117
428,1,1,18077.379,1040.818
429,1,0,19746.363,1022.615
430,1,1,17646.628,1041.102
431,1,1,16943.692,1025.711
432,1,1,20608.246,1023.280
433,1,1,17091.840,1037.735
434,1,1,16955.047,1028.523
435,1,1,16957.932,1027.730
436,0,0,20097.785,1038.307
437,1,1,18114.253,1024.948
438,0,0,20411.323,1028.634
439,1,1,16937.311,1027.169
440,1,1,16888.744,1027.784
441,1,0,19838.338,1040.499
442,1,1,19838.147,1026.732
443,1,1,18098.689,1020.264
444,1,1,17513.606,1032.129
445,1,1,17761.194,1029.187
446,0,0,20129.551,1036.597
447,1,1,19882.689,1023.323
448,1,1,19945.237,1039.711
449,0,0,19749.459,1026.738
450,1,1,19264.338,1025.065
451,1,1,16949.397,1025.803
452,1,1,19832.818,1028.677
453,1,1,19656.289,1036.430
454,0,0,20092.560,1026.443
455,1,1,18121.231,1038.775
456,1,1,18882.098,1041.526
457,1,1,17594.732,1027.846
458,1,1,19876.622,1026.849
459,0,1,20083.427,1026.387
460,1,1,19714.967,1022.831
461,1,1,19878.499,1027.009
462,0,0,20100.941,1024.148
463,1,1,17097.853,1063.397
464,1,1,19676.972,1025.908
465,1,1,19805.335,1026.418
466,1,1,16838.806,1025.330
467,1,1,17902.049,1026.172
468,1,1,17565.058,1040.523
469,1,1,17005.852,1039.889
470,1,1,17811.212,1022.689
471,1,1,19009.569,1024.874
472,1,1,19656.406,1026.209
473,1,1,19980.874,1041.501
474,0,1,19784.363,1037.151
475,1,1,17159.003,1022.793
476,0,1,19797.489,1023.342
477,1,1,16993.347,1024.350
478,0,0,20615.637,1030.302
479,1,1,19305.101,1026.775
480,1,1,19999.532,1028.006
481,1,1,19857.656,1023.237
482,1,1,16843.735,1037.151
483,1,1,19260.369,1039.988
484,1,1,19907.212,1036.554
485,1,0,19905.606,1027.120
486,1,1,18297.803,1040.450
487,1,1,19685.975,1026.037
488,1,0,19462.302,1027.496
489,1,1,19805.453,1029.828
490,1,1,19663.440,1025.126
491,1,1,16992.400,1039.465
492,0,0,20092.603,1036.775
493,1,1,19789.741,1042.043
494,0,0,20009.938,1040.246
495,1,1,19808.166,1125.514
496,1,1,17647.742,1036.055
497,1,1,17851.587,1026.462
498,1,1,18235.114,1023.114
499,1,1,17061.668,1131.329
500,1,1,17460.793,1023.304
501,1,1,17001.132,1024.923
502,1,1,19821.465,1037.773
503,1,1,17974.868,1024.973
504,1,1,19763.464,1025.735
505,1,1,19853.858,1028.050
506,1,1,19819.225,1023.465
507,0,0,19736.061,1041.335
508,1,1,19826.129,1023.834
509,1,1,16627.785,1123.385
510,1,1,17886.197,1028.259
511,1,1,19917.840,1028.769
512,1,0,19752.948,1025.409
513,1,1,17049.114,1025.741
514,1,1,17138.025,1025.052
515,1,1,16921.360,1025.607
516,1,1,16975.452,1029.169
517,0,0,20032.850,1023.526
518,1,1,18042.000,1023.526
519,1,1,20030.019,1038.007
520,1,1,17046.708,1040.375
521,1,1,19884.628,1040.560
522,1,1,16918.283,1026.320
523,1,1,17046.468,1023.717
524,1,1,19627.969,1025.600
525,1,1,16944.160,1025.237
526,1,1,15620.142,1025.348
527,1,1,18014.424,1029.667
528,1,1,17077.206,1028.043
529,1,1,18884.769,1048.720
530,1,1,18676.874,1038.123
531,1,1,18727.944,1027.403
532,1,1,20565.760,1041.483
533,1,1,26008.929,1056.529
534,0,0,22402.868,1049.834
535,1,1,21342.670,1038.382
536,0,0,21320.831,1047.212
537,1,1,21907.440,1052.049
538,1,1,22751.095,1056.659
539,1,1,22059.163,1065.865
540,1,1,22222.794,1045.145
541,1,1,20198.763,1030.720
542,0,0,20350.856,1032.264
543,1,1,20159.458,1033.366
544,1,0,20417.483,1032.646
545,0,0,20488.456,1032.221
546,1,1,17282.917,1029.717
547,0,0,17362.997,1034.283
548,1,1,17342.412,1039.059
549,1,1,17479.132,1037.724
550,0,0,20460.923,1029.809
551,0,0,20463.255,1031.169
552,1,1,18643.268,1027.113
553,1,1,20453.612,1031.630
554,1,1,17887.102,1034.276
555,1,1,17632.930,1042.258
556,0,0,19987.902,1030.726
557,0,1,20404.412,1028.794
558,1,1,17854.431,1031.293
559,1,1,18252.836,1031.649
560,1,1,17349.175,1030.437
561,1,1,18404.917,1026.880
562,1,1,20169.403,1043.243
563,1,1,18232.751,1024.695
564,1,1,17860.406,1032.062
565,1,1,20196.769,1032.529
566,1,1,16116.917,1037.570
567,0,0,20449.489,1028.665
568,1,1,18470.098,1032.579
569,0,0,20513.871,1032.474
570,1,1,19657.797,1028.209
571,0,0,20663.268,1028.886
572,1,1,17951.083,1030.370
573,0,0,20463.495,1031.310
574,0,1,17848.819,1029.834
575,1,1,17227.539,1033.015
576,1,1,20222.917,1033.514
577,1,1,20171.348,1030.418
578,0,0,20391.951,1034.652
579,1,1,18209.120,1028.172
580,0,0,20195.575,1027.797
581,1,1,18159.785,1029.268
582,1,1,17479.157,1028.270
583,1,1,16025.163,1032.295
584,1,1,17308.037,1029.852
585,1,1,17460.647,1031.089
586,0,0,20452.394,1030.727
587,1,1,17375.144,1030.406
588,1,1,19429.446,1032.511
589,1,1,19946.794,1031.717
590,1,1,17243.662,1031.809
591,1,1,20189.323,1033.760
592,0,1,20297.176,1033.465
593,1,1,17765.268,1028.289
594,1,1,20315.723,1027.760
595,1,1,20196.862,1032.283
596,1,1,17367.717,1029.932
597,0,0,19940.953,1029.514
598,1,1,17925.489,1031.495
599,1,1,18198.794,1042.376
600,1,1,17244.227,1033.243
601,1,1,20426.892,1033.200
602,1,1,20060.566,1030.535
603,1,1,20199.975,1030.074
604,1,1,19045.360,1030.142
605,1,1,17342.006,1031.292
606,1,1,19501.520,1030.320
607,1,1,18174.886,1032.135
608,0,0,20190.579,1032.831
609,1,1,16101.723,1028.708
610,1,0,20182.659,1031.379
611,1,1,17787.465,1026.960
612,1,1,17334.357,1032.941
613,1,1,20172.301,1033.834
614,1,1,20326.350,1034.474
615,0,0,20537.470,1031.833
616,1,1,17938.179,1033.163
617,1,1,20252.424,1031.563
618,1,1,17744.812,1032.916
619,1,1,20443.840,1030.431
620,0,0,19983.643,1026.991
621,1,1,18624.732,1030.677
622,1,1,17292.215,1028.166
623,1,1,17389.533,1029.071
624,1,1,17407.194,1029.939
625,1,1,17335.471,1035.877
626,1,1,17762.591,1032.265
627,1,0,20750.566,1031.655
628,1,1,17747.027,1030.880
629,1,1,20163.619,1036.985
630,0,0,20331.859,1030.511
631,1,1,20255.951,1035.157
632,1,1,18475.735,1026.609
633,0,0,16087.637,1031.126
634,0,1,19957.458,1028.973
635,1,1,16009.821,1032.516
636,1,1,20289.575,1029.483
637,1,1,20061.686,1035.938
638,0,0,20473.594,1030.351
639,1,1,17894.745,1035.760
640,1,1,18698.191,1035.231
641,1,1,18371.741,1030.572
642,1,1,17979.816,1029.668
643,1,1,17873.102,1035.415
644,1,1,17224.006,1031.113
645,1,1,20199.932,1026.210
646,1,1,19425.852,1031.427
647,1,1,17358.751,1031.323
648,1,1,18138.867,1030.757
649,1,1,20168.264,1033.507
650,0,0,20539.624,1030.461
651,1,1,18330.960,1034.874
652,1,1,17360.080,1029.821
653,0,0,19971.354,1036.185
654,1,1,17175.631,1032.714
655,0,0,20362.400,1034.917
656,1,1,20138.265,1032.283
657,1,1,18472.142,1029.692
658,1,1,17796.493,1031.133
659,1,1,18063.969,1031.108
660,1,1,17259.120,1030.092
661,1,1,19838.486,1031.077
662,1,1,17289.335,1030.874
663,0,1,19944.769,1031.982
664,1,1,20114.351,1034.326
665,1,1,20202.887,1034.787
666,1,1,20028.025,1033.846
667,0,0,20428.098,1028.425
668,1,1,18419.065,1034.683
669,1,1,18567.686,1030.203
670,1,1,16085.834,1026.012
671,1,1,16008.430,1027.508
672,1,1,17346.154,1027.385
673,1,0,20370.320,1029.809
674,0,0,20294.308,1031.385
675,1,1,17460.326,1032.258
676,0,0,20387.858,1030.504
677,1,1,17923.551,1030.492
678,0,0,20209.655,1033.150
679,1,1,17503.330,1031.871
680,1,0,20198.671,1053.077
681,1,1,17311.526,1029.311
682,1,1,17489.791,1028.677
683,1,1,18128.313,1027.397
684,1,1,19456.191,1031.710
685,1,1,17796.603,1031.576
686,1,1,17795.459,1035.286
687,1,1,20264.443,1035.040
688,1,1,16980.830,1031.415
689,1,1,17348.659,1033.034
690,1,1,18208.093,1037.502
691,1,1,17771.796,1035.274
692,1,1,18355.194,1034.800
693,1,1,16115.864,1032.406
694,1,1,17452.665,1036.246
695,0,0,20578.393,1027.108
696,1,1,17194.419,1033.661
697,1,1,20427.323,1032.173
698,0,0,19994.400,1029.397
699,1,1,17942.141,1033.323
700,1,1,16101.003,1028.141
701,1,1,18740.935,1031.600
702,1,1,17793.736,1043.526
703,1,1,17244.566,1033.434
704,1,1,17387.705,1031.391
705,1,0,20267.840,1032.105
706,1,0,20373.895,1029.822
707,0,1,19165.169,1032.056
708,1,1,20185.735,1035.163
709,1,0,20554.511,1031.741
710,1,1,19101.551,1034.745
711,1,1,17842.381,1030.923
712,1,1,20252.787,1031.101
713,1,1,20421.144,1027.311
714,1,1,17794.172,1026.880
715,1,1,19464.036,1032.160
716,1,1,20002.529,1034.363
717,1,0,19994.806,1032.720
718,1,1,19757.981,1031.883
719,1,1,20229.939,1029.649
720,1,1,20268.364,1029.870
721,1,1,18158.517,1071.360
722,0,0,20351.723,1032.837
723,1,1,17284.511,1030.105
724,1,1,16046.929,1028.819
725,1,1,16125.421,1093.705
726,1,1,15966.456,1032.351
727,1,1,17880.024,1039.077
728,1,1,20255.243,1033.471
729,1,0,20584.960,1031.637
730,1,1,20048.787,1034.172
731,1,1,18423.748,1026.345
732,1,1,17449.717,1036.357
733,1,1,20200.142,1030.653
734,1,1,18320.179,1026.751
735,1,0,20415.809,1034.141
736,1,1,17294.166,1032.031
737,1,1,20213.250,1035.871
738,1,1,18501.384,1030.037
739,1,1,17386.480,1031.760
740,1,1,20299.970,1033.483
741,1,1,20628.345,1030.807
742,1,1,17988.406,1030.456
743,1,1,18439.366,1036.985
744,1,1,19283.427,1029.563
745,1,1,17889.329,1034.978
746,1,1,17841.028,1030.400
747,1,1,17955.539,1032.886
748,1,1,16023.397,1035.760
749,0,0,20326.862,1118.234
750,1,1,20437.809,1035.551
751,1,1,19968.326,1032.892
752,0,1,17484.006,1035.563
753,1,0,20605.994,1031.748
754,1,1,18203.877,1031.464
755,0,0,20539.009,1028.480
756,1,1,17263.994,1027.169
757,1,1,17456.450,1032.825
758,1,1,17288.997,1042.849
759,1,1,20201.747,1110.757
760,1,1,17296.455,1026.320
761,1,1,17487.385,1033.981
762,1,1,17981.052,1030.775
763,1,1,18190.400,1032.923
764,1,1,20237.981,1029.237
765,1,1,20216.942,1028.504
766,1,1,20184.283,1031.815
767,1,1,17955.058,1136.295
768,1,1,17290.222,1031.649
769,0,0,20295.779,1045.243
770,1,1,19693.895,1031.422
771,1,1,19987.908,1033.151
772,1,1,17860.899,1032.916
773,1,0,17645.101,1031.902
774,1,0,20299.939,1030.861
775,1,1,17376.652,1029.619
776,1,1,17258.597,1032.191
777,1,1,17455.544,1033.871
778,0,0,20562.418,1033.249
779,0,0,20575.649,1030.228
780,1,1,17409.268,1027.471
781,1,1,20148.825,1030.025
782,1,1,17432.320,1030.640
783,1,1,20215.133,1033.594
784,1,1,20915.200,1030.714
785,1,1,20168.461,1033.982
786,0,0,20390.566,1029.169
787,0,0,20480.516,1032.209
788,1,0,20019.421,1035.422
789,1,1,20319.286,1025.957
790,0,1,20390.788,1026.056
791,1,1,20196.468,1030.744
792,1,1,17974.265,1031.563
793,1,1,18617.298,1030.517
794,1,1,19959.532,1028.634
795,0,0,20076.849,1029.686
796,1,1,20178.640,1032.652
797,1,1,18400.830,1025.736
798,1,1,20257.686,1027.606
799,1,1,17856.733,1037.175
800,0,0,20140.720,1031.951
801,0,0,19888.141,1031.594
802,1,1,20162.332,1028.652
803,1,1,20174.400,1030.499
804,0,0,20452.086,1035.070
805,1,1,20218.092,1035.816
806,1,1,20070.904,1033.710
807,0,0,20229.570,1031.096
808,1,1,17199.385,1031.741
809,0,0,20275.027,1037.070
810,1,1,20097.218,1080.831
811,1,1,20113.716,1027.323
812,1,1,17814.381,1028.960
813,1,1,18084.948,1028.467
814,1,1,17427.311,1031.957
815,1,1,18439.988,1034.141
816,1,1,17933.908,1043.397
817,1,1,18049.674,1030.356
818,1,1,16085.022,1031.101
819,1,1,17449.175,1028.301
820,1,1,18353.471,1040.049
821,1,1,17189.243,1029.945
822,1,1,20482.659,1029.390
823,0,0,25340.203,1032.793
824,1,1,26346.824,1032.929
825,1,1,17333.551,1031.643
826,1,1,17438.258,1037.139
827,1,1,20186.166,1036.277
828,1,1,18105.292,1028.382
829,1,1,17488.781,1045.717
830,1,1,16625.625,1041.686
831,1,1,19403.187,1027.373
832,1,1,20163.742,1031.939
833,1,1,17491.292,1030.234
834,1,1,20308.363,1029.784
835,1,1,20235.415,1031.834
836,1,1,17356.523,1032.911
837,1,1,20154.880,1032.431
838,1,1,17591.323,1037.243
839,1,1,17367.490,1030.677
840,1,1,17368.665,1044.887
841,1,1,17393.206,1034.480
842,1,1,18951.403,1026.670
843,1,1,20239.256,1029.434
844,1,1,18102.087,1038.825
845,1,1,20145.784,1035.858
846,1,1,17189.077,1034.007
847,1,1,17324.148,1035.704
848,1,1,17942.603,1030.086
849,0,0,20555.864,1028.234
850,1,1,17900.264,1028.837
851,1,1,20282.812,1033.846
852,1,1,18381.299,1043.065
853,1,1,19465.766,1116.099
854,1,1,20183.833,1043.046
855,1,1,17255.957,1028.105
856,1,1,20206.228,1029.576
857,1,1,16148.019,1034.400
858,1,1,19728.154,1029.975
859,0,1,20304.031,1033.526
860,0,0,19367.951,1032.689
861,0,0,20546.676,1029.317
862,1,1,17332.818,1033.378
863,1,1,18065.982,1032.653
864,1,1,17791.834,1032.702
865,1,1,17517.274,1029.120
866,1,1,17413.464,1031.237
867,1,1,17395.249,1041.779
868,1,1,18060.936,1029.945
869,1,1,18136.775,1028.000
870,1,1,18238.092,1043.003
871,1,1,20241.360,1039.643
872,1,1,20418.868,1030.702
873,1,1,17401.324,1032.775
874,1,1,18373.624,1033.982
875,1,1,17961.575,1031.065
876,0,0,20281.545,1034.979
877,1,1,20241.151,1029.274
878,1,1,17209.680,1032.172
879,0,0,20356.727,1027.902
880,1,1,20158.727,1033.908
881,1,1,17542.745,1031.895
882,1,1,17398.326,1035.101
883,0,0,20960.074,1031.520
884,1,1,17460.591,1034.929
885,1,0,19611.551,1042.024
886,1,1,18079.268,1032.621
887,1,0,19473.335,1029.630
888,1,1,17400.850,1024.967
889,1,1,17448.498,1029.089
890,1,1,17645.649,1032.701
891,0,0,20267.354,1030.375
892,1,1,18387.200,1037.200
893,1,0,20357.022,1030.979
894,1,0,20109.354,1034.856
895,1,1,17689.102,1030.849
896,1,1,17365.834,1031.212
897,1,1,17439.563,1029.489
898,0,1,20020.265,1031.883
899,1,1,20166.086,1026.763
900,1,1,20179.532,1033.619
901,1,1,18418.467,1033.981
902,1,1,17816.129,1036.197
903,1,1,17213.372,1029.446
904,1,1,17400.628,1031.139
905,1,1,18364.024,1027.913
906,1,1,17330.461,1038.074
907,0,0,20586.843,1030.942
908,0,0,20010.856,1031.427
909,1,1,17821.470,1033.101
910,1,1,20287.508,1027.840
911,1,1,20219.637,1111.840
912,1,1,17238.640,1027.071
913,1,1,17385.384,1029.138
914,1,0,20168.744,1032.086
915,1,1,18210.480,1030.597
916,1,1,17394.258,1028.154
917,1,1,15959.114,1028.393
918,1,1,19953.187,1033.421
919,1,1,17407.625,1035.607
920,1,0,19378.222,1031.981
921,1,1,18041.483,1034.412
922,1,1,19925.870,1033.138
923,1,1,20285.711,1026.948
924,1,1,17218.628,1027.298
925,1,1,20266.911,1031.016
926,1,1,17269.976,1030.276
927,1,1,20414.505,1028.369
928,1,1,17293.286,1028.707
929,1,1,17514.997,1031.459
930,1,1,17389.434,1030.080
931,1,1,17212.966,1028.160
932,1,1,20290.560,1025.667
933,1,1,17443.434,1030.844
934,1,1,17399.514,1030.296
935,1,0,20278.627,1034.658
936,0,0,20445.262,1028.960
937,1,1,17333.169,1030.523
938,1,1,17536.498,1029.828
939,1,1,17437.797,1033.773
940,1,1,18159.372,1028.270
941,1,1,18131.385,1029.372
942,1,1,17361.169,1029.151
943,1,1,20027.501,1037.969
944,1,1,17280.794,1026.819
945,1,1,17488.148,1031.526
946,1,1,20207.471,1034.277
947,1,1,17433.963,1036.652
948,0,0,20403.933,1030.658
949,1,1,20407.618,1028.493
950,1,1,17957.575,1034.290
951,1,1,17376.369,1029.686
952,1,1,17445.483,1030.985
953,1,1,17438.886,1032.837
954,1,1,18462.824,1030.794
955,1,1,17406.468,1032.880
956,1,1,20224.154,1028.387
957,1,1,20210.326,1044.947
958,1,1,19940.049,1044.431
959,1,1,18045.249,1028.763
960,1,1,16036.412,1032.720
961,1,1,20308.056,1031.594
962,0,1,20094.818,1036.234
963,1,1,18388.295,1029.729
964,1,1,17347.089,1032.837
965,1,1,17999.618,1028.530
966,1,1,20317.373,1026.283
967,1,1,17184.880,1032.339
968,1,1,18400.025,1028.031
969,1,1,20257.693,1026.991
970,0,0,20500.714,1033.810
971,1,1,20236.874,1029.065
972,0,0,20524.203,1030.713
973,1,1,17436.037,1028.400
974,1,1,17428.037,1038.498
975,1,1,20176.228,1029.858
976,1,1,17871.834,1029.330
977,1,1,20296.978,1146.873
978,1,1,17211.636,1042.627
979,0,0,20352.154,1035.040
980,0,1,20241.298,1029.865
981,1,0,16328.173,1033.040
982,1,1,18373.587,1033.016
983,0,1,20510.314,1032.867
984,1,1,17348.172,1030.215
985,1,1,17353.809,1028.505
986,1,0,20192.443,1032.135
987,1,1,17443.544,1029.926
988,1,1,18428.104,1033.630
989,1,1,17473.791,1033.311
990,1,1,17294.603,1029.760
991,1,1,17341.742,1032.905
992,0,0,20470.516,1031.581
993,1,1,20280.369,1030.973
994,1,1,20162.640,1028.326
995,0,0,20310.455,1029.662
996,1,1,17303.656,1034.738
997,0,0,20348.492,1030.357
998,1,1,20164.849,1048.727
999,1,0,17712.160,1025.040
1000,1,1,20281.582,1032.308
1001,1,1,20154.659,1034.326
1002,1,1,17671.877,1031.138
1003,1,1,17367.452,1031.046
1004,1,1,17231.852,1031.046
1005,1,1,17883.828,1034.006
1006,1,1,20205.963,1030.720
1007,1,1,20138.781,1034.234
1008,1,1,17352.227,1032.541
1009,1,1,20015.003,1023.065
1010,0,1,18636.905,1030.123
1011,1,1,17903.920,1037.268
1012,1,1,17170.338,1029.200
1013,1,1,20108.633,1035.570
1014,1,1,17359.944,1032.634
1015,1,1,20088.702,1036.886
1016,1,1,18367.526,1035.335
1017,1,1,17335.157,1033.280
1018,1,1,15827.114,1030.738
1019,1,1,17389.379,1035.483
1020,1,1,17364.984,1031.071
1021,1,1,19339.859,1038.622
1022,1,1,17723.797,1031.434
1023,1,1,20104.714,1038.314
1024,1,1,17782.739,1026.960
1025,0,0,20247.502,1024.578
1026,1,1,17284.240,1030.178
1027,1,1,17433.083,1037.354
1028,0,0,20661.637,1031.607
1029,1,1,17352.086,1038.284
1030,1,1,19675.181,1031.378
1031,1,1,18273.526,1035.065
1032,1,1,17285.969,1033.563
1033,1,1,16951.569,1037.317
1034,1,1,20033.871,1029.668
1035,1,1,19486.862,1033.686
1036,1,1,17249.754,1034.043
1037,1,1,17337.188,1036.270
1038,1,1,17905.169,1027.662
1039,1,1,17423.335,1037.133
1040,1,1,18292.221,1029.293
1041,1,1,19443.520,1036.830
1042,1,1,17218.049,1027.470
1043,1,1,17870.892,1040.825
1044,0,0,20241.206,1036.339
1045,1,1,20154.751,1035.951
1046,1,1,17352.141,1033.710
1047,1,1,17308.363,1035.748
1048,1,1,19647.545,1029.151
1049,1,1,18368.597,1023.686
1050,1,1,20122.837,1027.495
1051,0,0,20351.544,1038.173
1052,1,1,17369.827,1032.197
1053,1,1,17311.077,1040.689
1054,0,0,20330.560,1032.302
1055,1,1,20145.778,1035.059
1056,1,1,18129.218,1034.203
1057,1,1,20451.803,1035.378
1058,1,1,18051.182,1031.022
1059,1,1,18725.901,1029.212
1060,1,1,20254.566,1029.267
1061,1,1,19972.609,1027.920
1062,1,1,20101.052,1039.175
1063,1,1,17266.326,1031.336
1064,1,1,17409.908,1031.421
1065,1,1,20151.834,1034.184
1066,1,1,19960.117,1027.594
1067,1,1,18327.926,1036.880
1068,1,1,18434.843,1036.929
1069,1,1,17328.787,1024.757
1070,1,1,18956.978,1032.209
1071,1,1,17347.729,1038.647
1072,1,1,17286.535,1026.714
1073,1,1,20985.206,1036.720
1074,1,1,17423.065,1031.274
1075,1,1,17249.447,1030.843
1076,1,1,17972.867,1027.293
1077,1,1,17825.754,1040.573
1078,0,0,20469.151,1030.499
1079,1,1,18126.763,1037.089
1080,1,1,20199.693,1031.871
1081,1,1,17306.591,1037.354
1082,0,1,19467.397,1039.409
1083,1,1,19053.347,1030.019
1084,1,1,18216.572,1038.277
1085,1,1,17264.093,1023.138
1086,1,1,20160.689,1029.231
1087,1,1,18389.502,1038.480
1088,1,0,20273.495,1028.455
1089,0,0,20226.147,1037.440
1090,1,1,18358.332,1029.212
1091,1,1,20267.347,1024.738
1092,0,0,20138.819,1028.504
1093,1,0,20341.668,1035.557
1094,1,1,17386.043,1033.342
1095,1,1,18148.560,1038.929
1096,1,1,20240.751,1032.024
1097,0,0,19910.985,1026.849
1098,1,1,15929.495,1031.447
1099,0,0,20410.855,1037.784
1100,1,1,17397.182,1029.902
1101,1,1,17328.616,1038.609
1102,0,0,20218.775,1031.920
1103,1,1,17168.947,1041.310
1104,1,1,18264.314,1031.298
1105,1,1,19901.988,1039.292
1106,1,1,17297.625,1030.787
1107,1,1,20352.708,1036.714
1108,1,0,20180.307,1030.338
1109,1,1,17427.157,1038.363
1110,1,1,18063.298,1119.126
1111,1,1,20054.960,1042.129
1112,1,1,17251.150,1031.717
1113,0,0,20158.209,1038.492
1114,1,1,20083.372,1030.800
1115,0,1,20187.274,1034.062
1116,0,0,20741.914,1034.080
1117,1,1,17873.477,1036.055
1118,1,1,20095.225,1028.554
1119,1,1,17366.905,1036.591
1120,1,1,21564.425,1042.640
1121,1,1,21448.394,1050.406
1122,1,1,19642.092,1042.234
1123,0,0,21282.462,1023.507
1124,0,0,20375.496,1114.837
1125,1,1,17286.320,1025.083
1126,1,1,17404.117,1029.305
1127,1,1,19495.015,1037.231
1128,1,1,19298.320,1028.609
1129,0,0,19896.240,1032.701
1130,0,0,20272.892,1028.769
1131,1,0,20322.702,1037.501
1132,1,0,20142.240,1030.080
1133,1,1,17427.299,1038.701
1134,1,1,17143.988,1029.009
1135,1,1,18328.025,1024.979
1136,1,1,16309.729,1032.757
1137,1,1,17826.184,1035.587
1138,1,1,18438.437,1038.080
1139,1,1,19583.083,1141.089
1140,0,0,20334.449,1036.474
1141,0,1,20078.302,1040.621
1142,1,1,17233.957,1031.994
1143,1,1,18237.852,1036.055
1144,0,0,20331.797,1037.847
1145,1,1,20085.280,1037.280
1146,1,1,17321.084,1032.628
1147,1,1,17341.028,1024.787
1148,1,1,20189.046,1033.138
1149,1,0,20382.480,1035.231
1150,1,1,17174.252,1033.674
1151,1,1,17509.046,1037.347
1152,1,1,22210.233,1050.400
1153,1,1,21978.910,1059.286
1154,1,1,25147.643,1031.385
1155,1,1,19026.172,1050.253
1156,1,0,27083.796,1028.683
1157,1,1,18873.791,1041.360
1158,1,1,25348.412,1028.898
1159,1,1,27079.391,1082.092
1160,1,1,28446.523,1056.554
1161,1,1,23877.225,1040.302
1162,1,1,18742.541,1023.871
1163,1,1,17047.496,1029.268
1164,1,1,17843.261,1028.105
1165,1,1,15578.720,1027.526
1166,1,1,19669.286,1020.818
1167,1,1,16999.539,1032.572
1168,1,1,17023.588,1025.397
1169,0,1,19756.609,1029.434
1170,1,1,17573.532,1027.557
1171,1,1,17970.234,1027.938
1172,1,1,17587.532,1018.837
1173,1,1,17342.991,1028.652
1174,0,0,19906.560,1026.154
1175,1,1,19633.950,1023.576
1176,0,0,19976.123,1035.563
1177,0,0,19940.179,1028.584
1178,1,1,19837.458,1085.890
1179,1,1,24354.991,1032.726
1180,1,1,23244.196,1022.394
1181,1,1,22241.833,1029.625
1182,1,1,16692.843,1021.532
1183,0,0,19798.886,1029.311
1184,1,1,20906.800,1026.966
1185,1,1,26039.797,1027.520
1186,1,1,25472.363,1024.997
1187,1,1,21891.945,1032.493
1188,1,1,17841.378,1021.237
1189,1,1,24606.172,1023.557
1190,0,0,26597.396,1031.065
1191,1,1,26633.114,1033.532
1192,1,1,23760.307,1025.089
1193,1,1,26997.901,1031.883
1194,1,1,22631.816,1026.622
1195,1,1,25700.566,1032.954
1196,1,1,22613.489,1022.665
1197,1,1,17906.997,1031.557
1198,1,1,25923.908,1022.117
1199,1,1,24136.634,1028.283
1200,1,1,16888.923,1022.898
1201,1,1,23673.883,1026.486
1202,1,1,25317.772,1024.191
1203,1,1,19821.293,1030.578
1204,1,1,17660.966,1021.859
1205,1,1,19672.764,1031.169
1206,1,1,17942.837,1024.031
1207,0,0,19746.351,1027.200
1208,1,1,19341.219,1027.244
1209,1,0,19943.188,1026.382
1210,1,1,17713.988,1018.492
1211,1,1,19809.532,1024.474
1212,1,1,17018.271,1020.332
1213,1,1,16473.920,1029.458
1214,1,1,17117.687,1026.628
1215,1,1,16914.412,1032.431
1216,1,1,16959.219,1043.563
1217,1,1,19746.370,1029.791
1218,0,0,20132.695,1114.917
1219,1,1,17497.791,1025.797
1220,0,0,20256.400,1021.865
1221,1,1,17778.923,1029.145
1222,0,0,20060.972,1024.455
1223,1,1,16565.065,1030.714
1224,1,1,17730.554,1035.809
1225,1,1,18308.222,1027.969
1226,0,0,19498.898,1022.185
1227,0,0,19773.385,1030.523
1228,1,1,15581.994,1023.587
1229,1,1,19928.960,1027.379
1230,1,0,19756.634,1023.157
1231,1,1,17024.148,1028.720
1232,0,1,19622.221,1037.532
1233,1,1,19258.658,1029.323
1234,0,0,20262.394,1026.167
1235,1,1,19655.502,1031.262
1236,1,1,17288.252,1025.526
1237,1,0,19741.182,1027.064
1238,1,0,18968.253,1024.061
1239,1,1,17037.096,1033.230
1240,1,1,17020.000,1024.707
1241,1,1,16890.154,1023.046
1242,1,1,16918.191,1025.145
1243,1,1,17508.221,1031.163
1244,1,1,17357.988,1026.425
1245,1,1,17023.348,1030.597
1246,1,1,17673.421,1020.049
1247,1,0,19073.360,1026.462
1248,1,1,16736.739,1024.634
1249,1,1,19703.877,1025.421
1250,1,1,17417.606,1024.904
1251,0,0,19362.308,1028.849
1252,0,0,19821.188,1024.006
1253,1,1,17961.243,1030.210
1254,1,1,17712.382,1022.455
1255,1,1,16792.763,1027.594
1256,0,0,19879.544,1026.277
1257,1,1,17025.508,1033.661
1258,1,1,17763.280,1026.775
1259,1,1,17865.650,1024.751
1260,1,1,17394.578,1025.434
1261,1,0,20217.224,1024.905
1262,1,1,17288.234,1022.652
1263,1,1,16917.089,1029.317
1264,1,1,19792.936,1022.486
1265,0,0,19940.363,1025.483
1266,1,1,18345.347,1029.630
1267,1,1,18129.274,1033.717
1268,1,1,16863.274,1026.099
1269,1,0,19950.800,1030.498
1270,1,1,19300.701,1022.523
1271,1,1,16977.138,1026.794
1272,1,1,18049.169,1028.591
1273,1,1,16819.920,1021.532
1274,1,1,19787.255,1022.314
1275,1,1,18127.397,1032.222
1276,1,1,17038.166,1021.489
1277,1,1,17626.591,1052.031
1278,1,1,16756.794,1029.292
1279,1,1,19762.659,1028.277
1280,1,1,17505.163,1021.871
1281,0,0,19318.898,1035.114
1282,1,1,19020.867,1022.124
1283,1,1,16860.615,1025.643
1284,1,1,19804.431,1031.723
1285,1,1,16847.225,1026.529
1286,1,1,17655.766,1019.933
1287,1,1,19552.345,1029.797
1288,1,1,16956.117,1027.059
1289,0,0,20073.668,1030.437
1290,1,1,17512.701,1029.729
1291,1,1,16548.689,1024.307
1292,0,0,20010.597,1023.009
1293,1,1,19825.255,1024.813
1294,1,1,16919.003,1026.806
1295,1,1,17611.010,1023.016
1296,1,1,16944.702,1025.864
1297,1,1,17213.033,1024.387
1298,0,0,19900.167,1022.099
1299,1,1,19760.972,1028.634
1300,0,0,19493.803,1022.862
1301,1,1,19862.370,1023.613
1302,0,0,20038.473,1032.597
1303,1,1,17003.667,1024.781
1304,1,1,17347.360,1024.092
1305,1,1,17676.474,1032.732
1306,1,1,19806.055,1021.323
1307,1,1,17931.661,1026.240
1308,1,1,16948.899,1039.440
1309,1,1,16911.803,1027.139
1310,1,1,16986.461,1021.040
1311,1,1,19080.179,1027.335
1312,1,0,18991.230,1025.126
1313,1,0,19774.880,1023.625
1314,1,1,21695.163,1028.966
1315,1,1,26494.025,1027.490
1316,0,1,24303.927,1022.166
1317,1,1,19288.012,1031.212
1318,1,1,18771.575,1022.867
1319,1,1,16866.344,1032.659
1320,1,1,16874.990,1027.662
1321,0,0,20140.265,1021.920
1322,1,1,16936.843,1020.178
1323,1,1,16953.040,1031.760
1324,1,1,16873.464,1025.618
1325,1,1,19780.406,1025.317
1326,1,1,16858.511,1028.813
1327,1,1,19741.311,1021.212
1328,1,1,17591.668,1022.874
1329,1,1,16983.883,1032.536
1330,1,1,17672.671,1023.206
1331,1,1,19727.434,1020.615
1332,1,1,16881.766,1034.567
1333,1,1,18009.230,1026.185
1334,1,1,17903.299,1033.742
1335,1,1,19548.554,1021.717
1336,1,1,15545.766,1025.323
1337,1,1,16932.295,1023.717
1338,1,1,17952.597,1033.397
1339,1,1,17410.462,1030.215
1340,1,1,16926.357,1024.967
1341,1,1,19804.560,1030.708
1342,1,1,16993.483,1021.077
1343,1,1,16785.527,1024.234
1344,1,1,16892.806,1027.790
1345,1,1,17000.406,1024.954
1346,0,0,19940.338,1021.273
1347,1,1,18018.185,1033.071
1348,1,1,16894.191,1027.859
1349,1,1,17587.933,1021.225
1350,1,1,16932.689,1026.394
1351,0,0,19976.535,1023.637
1352,1,1,16779.938,1022.640
1353,1,1,17897.994,1030.283
1354,1,1,16997.760,1022.210
1355,1,1,19821.809,1027.563
1356,1,1,19691.661,1030.320
1357,1,1,17550.763,1023.822
1358,1,1,17963.495,1025.784
1359,1,1,17330.812,1032.917
1360,1,1,16961.409,1024.302
1361,0,0,19924.030,1023.932
1362,1,1,19892.972,1030.917
1363,1,1,17045.483,1036.006
1364,1,1,16864.658,1023.440
1365,1,1,16994.431,1030.333
1366,1,1,17497.040,1022.517
1367,1,1,19709.292,1028.542
1368,1,1,17846.935,1028.259
1369,1,1,16872.744,1021.754
1370,1,1,17617.144,1037.797
1371,1,1,17130.997,1027.520
1372,1,1,19837.021,1022.929
1373,1,1,17937.304,1077.150
1374,1,1,16866.006,1033.939
1375,1,1,18025.219,1028.093
1376,1,1,17394.178,1023.096
1377,1,1,16856.548,1028.098
1378,1,1,19830.837,1022.012
1379,0,0,19898.301,1019.797
1380,1,1,18138.634,1028.523
1381,1,1,17843.840,1026.203
1382,1,1,17433.883,1022.197
1383,1,1,19791.182,1027.587
1384,1,1,19527.612,1023.939
1385,1,1,15461.779,1022.098
1386,1,1,16892.178,1031.058
1387,1,1,16942.818,1021.409
1388,1,1,17173.311,1021.508
1389,1,1,17489.027,1029.822
1390,1,0,19946.092,1024.947
1391,1,1,17449.538,1052.935
1392,1,1,17509.034,1032.806
1393,1,1,17404.868,1025.459
1394,1,1,19616.597,1027.446
1395,0,0,19820.850,1028.947
1396,1,1,17718.979,1021.544
1397,1,1,18355.914,1026.234
1398,1,1,17446.252,1030.210
1399,1,1,16814.929,1028.830
1400,0,0,20061.785,1026.892
1401,1,1,16908.504,1027.404
1402,1,1,16853.052,1024.049
1403,1,1,19779.298,1024.634
1404,0,0,20003.323,1030.087
1405,1,1,16933.095,1028.307
1406,1,1,16879.766,1024.369
1407,1,1,19709.673,1030.191
1408,1,1,16911.822,1026.135
1409,1,1,16885.637,1024.874
1410,0,0,20045.193,1027.951
1411,1,1,16875.563,1026.904
1412,0,0,19845.834,1024.301
1413,1,1,17751.655,1030.689
1414,1,1,17715.587,1020.628
1415,0,0,20259.686,1026.074
1416,1,1,19893.391,1031.113
1417,1,1,16899.101,1036.055
1418,1,1,16749.569,1022.554
1419,1,1,16866.800,1031.397
1420,1,1,17025.533,1130.837
1421,1,1,19637.637,1023.335
1422,1,1,17330.567,1029.501
1423,1,1,16990.228,1023.440
1424,1,1,16905.280,1022.461
1425,1,1,19312.474,1029.311
1426,1,1,16766.498,1023.496
1427,1,1,19702.585,1027.237
1428,1,1,19027.250,1025.760
1429,0,0,20104.332,1027.532
1430,1,1,17709.618,1022.966
1431,1,1,17760.787,1030.000
1432,1,1,17010.671,1022.960
1433,1,1,19758.313,1023.600
1434,1,1,16905.157,1028.148
1435,1,1,19785.668,1027.526
1436,1,1,19753.951,1025.033
1437,1,1,17007.870,1029.384
1438,1,1,15478.111,1023.588
1439,1,1,19279.766,1021.625
1440,1,1,16902.400,1028.406
1441,1,1,19781.194,1024.036
1442,1,1,17773.464,1025.341
1443,0,0,19792.487,1029.914
1444,0,0,20059.926,1023.514
1445,1,1,17257.582,1031.286
1446,1,1,17713.711,1026.529
1447,1,1,18572.892,1035.015
1448,0,1,19941.803,1023.797
1449,1,1,17061.649,1028.732
1450,0,1,20687.120,1028.547
1451,1,1,19810.388,1023.545
1452,1,1,16967.028,1036.400
1453,0,0,20063.988,1027.138
1454,1,1,16882.370,1026.757
1455,1,1,17739.384,1033.021
1456,1,1,17040.160,1026.775
1457,1,1,17772.818,1113.723
1458,1,1,16862.216,1023.711
1459,0,0,20032.732,1025.403
1460,0,0,20137.329,1023.292
1461,0,0,19532.653,1028.006
1462,1,1,19719.373,1028.788
1463,1,1,17950.511,1025.206
1464,0,0,19889.686,1035.538
1465,0,0,20058.553,1025.280
1466,1,1,16974.640,1021.508
1467,1,1,17127.551,1032.942
1468,0,0,19752.425,1022.579
1469,1,1,19790.775,1024.985
1470,1,1,17718.314,1033.791
1471,1,1,16936.147,1022.696
1472,1,1,17021.243,1027.453
1473,1,1,18585.821,1039.914
1474,1,1,19794.972,1024.904
1475,1,1,19242.929,1025.508
1476,1,1,18357.280,1030.720
1477,1,1,17426.707,1025.298
1478,1,1,16944.892,1023.969
1479,1,1,16809.957,1031.157
1480,1,1,16902.813,1026.338
1481,1,1,19779.858,1023.077
1482,0,0,19757.828,1026.880
1483,1,0,20009.348,1026.904
1484,1,1,17364.806,1027.083
1485,1,1,19522.825,1028.578
1486,1,1,19885.502,1027.594
1487,0,0,19709.298,1027.563
1488,1,1,16910.203,1028.524
1489,1,0,19805.255,1022.000
1490,1,1,17036.726,1036.234
1491,1,1,18052.536,1029.686
1492,1,1,19936.695,1024.806
1493,1,0,19787.938,1024.203
1494,1,1,19754.055,1032.443
1495,1,1,17583.976,1029.354
1496,1,1,19509.877,1032.147
1497,1,1,16790.664,1032.000
1498,1,1,18130.917,1025.132
1499,1,1,17026.031,1030.234
1500,1,0,19887.927,1027.803
1501,1,1,16860.320,1030.985
1502,1,1,18445.446,1024.166
1503,1,1,19818.283,1021.280
1504,1,1,19842.381,1028.622
1505,1,1,19840.283,1021.144
1506,1,1,19783.544,1025.673
1507,1,1,19639.378,1036.067
1508,1,1,19132.376,1020.954
1509,1,1,17361.588,1029.618
1510,1,1,18684.295,1024.867
1511,1,1,18082.270,1025.138
1512,1,1,19564.523,1024.320
1513,0,0,20053.668,1028.418
1514,1,1,16859.852,1027.391
1515,0,1,18260.135,1024.345
1516,1,1,17889.699,1020.375
1517,1,1,18050.591,1022.720
1518,1,1,17936.184,1024.560
1519,1,1,19738.800,1024.375
1520,1,1,16892.381,1025.194
1521,1,1,17894.787,1024.960
1522,1,1,16923.280,1023.274
1523,0,0,19958.412,1020.394
1524,0,0,20147.969,1027.797
1525,0,0,19293.434,1025.890
1526,1,1,16817.256,1029.673
1527,1,1,16958.314,1021.329
1528,1,1,17678.154,1024.800
1529,1,1,16494.861,1022.763
1530,1,1,17048.948,1024.345
1531,1,1,19543.717,1023.803
1532,1,1,17033.939,1021.932
1533,0,0,19972.702,1023.016
1534,1,1,20063.963,1024.030
1535,0,0,19992.056,1022.917
1536,0,0,19797.397,1025.877
1537,1,1,16848.505,1025.988
1538,0,0,19969.772,1036.388
1539,1,1,17613.791,1025.071
1540,1,1,19916.726,1024.800
1541,1,1,16957.637,1023.976
1542,1,1,19219.760,1022.782
1543,1,0,20054.633,1024.363
1544,1,1,16985.741,1024.019
1545,1,1,16877.877,1024.160
1546,1,1,15617.145,1022.677
1547,1,1,17037.329,1025.723
1548,1,1,19861.680,1025.249
1549,1,1,16485.452,1022.480
1550,1,1,19816.246,1023.458
1551,1,1,17292.222,1028.419
1552,1,1,16949.563,1023.212
1553,1,1,19893.760,1029.120
1554,0,0,19746.554,1029.736
1555,1,1,19784.185,1023.606
1556,1,1,16791.354,1027.021
1557,1,1,18011.680,1022.437
1558,0,0,19886.548,1037.150
1559,1,1,20568.517,1024.972
1560,1,1,17550.098,1028.474
1561,1,1,19855.323,1024.689
1562,0,0,19802.935,1029.200
1563,1,1,17571.403,1023.680
1564,1,1,19837.963,1024.990
1565,1,1,16823.034,1026.714
1566,1,1,17779.533,1028.431
1567,0,0,20159.576,1023.514
1568,1,1,19849.570,1025.237
1569,1,1,19861.600,1020.178
1570,1,1,20009.883,1025.741
1571,1,1,17001.028,1022.080
1572,1,1,19829.416,1022.098
1573,0,0,20574.745,1027.231
1574,1,1,17904.560,1022.197
1575,1,1,19890.412,1023.218
1576,1,1,19336.658,1022.061
1577,1,1,16822.338,1021.987
1578,1,1,19705.513,1023.520
1579,1,1,17002.800,1024.658
1580,1,1,19629.182,1022.979
1581,1,1,19788.265,1036.597
1582,1,1,17105.582,1026.917
1583,1,1,17443.816,1029.446
1584,0,0,19973.987,1024.517
1585,1,1,18871.748,1022.621
1586,1,1,17418.787,1023.619
1587,1,1,17562.732,1027.016
1588,1,1,17987.582,1019.754
1589,1,1,19693.034,1025.267
1590,1,1,15499.619,1024.492
1591,1,1,19823.914,1024.604
1592,1,1,16894.154,1021.631
1593,0,0,20068.320,1022.270
1594,1,1,19817.717,1023.145
1595,1,1,19810.025,1027.477
1596,1,1,19931.360,1029.077
1597,1,1,17803.182,1026.302
1598,1,1,19845.557,1025.723
1599,1,1,17384.905,1026.135
1600,1,1,17745.606,1026.234
1601,0,0,19836.221,1026.036
1602,1,1,16861.403,1026.400
1603,1,1,16963.951,1028.831
1604,1,1,19727.563,1030.966
1605,1,1,16781.262,1029.003
1606,1,1,17593.870,1022.092
1607,1,1,16949.790,1025.988
1608,1,1,17600.357,1026.720
1609,1,1,17647.391,1020.892
1610,0,0,19916.252,1025.575
1611,1,1,16980.166,1025.311
1612,1,1,17510.935,1023.490
1613,1,1,18960.068,1033.729
1614,1,1,16817.833,1023.194
1615,1,1,17075.581,1027.526
1616,1,1,17102.308,1024.966
1617,1,1,17985.225,1024.240
1618,1,1,19816.270,1026.530
1619,1,1,19675.938,1024.658
1620,1,1,17889.065,1025.133
1621,0,0,19837.156,1023.052
1622,1,1,16983.089,1024.050
1623,1,1,17535.126,1025.329
1624,0,1,19622.738,1022.658
1625,1,1,19484.812,1025.797
1626,1,1,20094.277,1030.831
1627,1,1,19730.037,1024.640
1628,1,0,19773.496,1026.357
1629,1,1,16776.578,1021.114
1630,1,1,17454.911,1026.123
1631,1,1,18107.944,1026.388
1632,1,1,16998.055,1035.009
1633,1,1,16901.606,1025.471
1634,1,1,16913.742,1023.126
1635,1,1,16985.655,1023.108
1636,1,1,16935.778,1020.972
1637,1,1,19863.526,1026.603
1638,1,1,19774.610,1024.523
1639,1,1,19672.591,1021.483
1640,1,1,17010.603,1025.926
1641,1,1,19765.693,1020.800
1642,0,0,20045.883,1021.514
1643,1,1,20350.572,1024.702
1644,1,1,17095.969,1023.335
1645,1,1,19888.701,1020.818
1646,1,1,17528.449,1091.859
1647,0,0,19746.074,1027.846
1648,1,1,20170.825,1106.339
1649,1,1,17851.785,1021.778
1650,1,1,15671.551,1023.249
1651,1,1,19823.545,1032.302
1652,1,1,16867.157,1035.255
1653,1,1,17719.102,1025.520
1654,0,0,20134.141,1022.812
1655,0,0,20041.926,1027.132
1656,1,0,15618.670,1031.901
1657,1,1,17088.536,1024.683
1658,1,1,16872.289,1022.326
1659,1,1,16930.676,1023.655
1660,1,1,17640.037,1023.545
1661,1,1,16910.338,1021.151
1662,0,0,19444.646,1026.702
1663,1,1,15665.027,1025.846
1664,1,1,16948.732,1028.929
1665,1,1,16922.787,1033.157
1666,1,0,18298.493,1024.246
1667,1,1,19761.286,1024.332
1668,1,1,19802.087,1024.930
1669,1,1,19764.135,1021.815
1670,1,1,18397.594,1024.142
1671,1,1,17016.357,1022.424
1672,1,1,17895.538,1028.806
1673,1,1,19778.929,1030.615
1674,1,1,17338.591,1024.050
1675,0,0,19987.766,1027.816
1676,1,1,19744.677,1026.524
1677,1,1,17517.175,1019.354
1678,1,1,16998.105,1020.326
1679,1,1,17789.779,1025.046
1680,1,1,18316.948,1023.895
1681,1,1,19790.603,1030.055
1682,0,0,20029.982,1025.526
1683,1,1,19842.486,1026.332
1684,1,1,18644.412,1022.861
1685,1,1,19767.834,1020.154
1686,1,1,17523.273,1023.163
1687,1,1,19162.240,1025.581
1688,1,1,17941.969,1025.219
1689,1,1,19026.702,1024.504
1690,1,1,16762.542,1023.896
1691,1,1,18001.637,1020.584
1692,1,1,17040.154,1026.030
1693,1,1,19848.862,1026.018
1694,1,1,19852.074,1025.194
1695,1,1,19939.964,1025.791
1696,1,1,17488.930,1024.978
1697,1,1,19613.852,1022.370
1698,1,1,17949.458,1025.490
1699,0,0,20259.760,1020.326
1700,1,1,20378.338,1025.465
1701,1,1,18027.766,1024.603
1702,1,1,17917.625,1032.179
1703,1,1,16947.292,1031.902
1704,1,1,18741.698,1036.018
1705,1,1,17826.166,1024.610
1706,1,1,19463.778,1031.323
1707,1,1,19462.726,1030.794
1708,1,1,19904.061,1059.053
1709,1,1,18645.827,1025.182
1710,1,1,19854.173,1024.455
1711,1,1,19634.812,1022.818
1712,1,1,17007.988,1024.437
1713,1,1,16916.216,1022.824
1714,1,1,17897.680,1024.787
1715,0,0,19982.807,1024.018
1716,1,1,17711.169,1023.249
1717,1,1,19790.720,1024.510
1718,1,1,17052.086,1024.080
1719,1,1,16958.074,1027.853
1720,1,1,16899.705,1025.009
1721,1,1,17905.631,1021.390
1722,1,1,16979.348,1102.172
1723,0,0,20124.179,1029.317
1724,1,1,16816.050,1025.071
1725,1,1,18033.741,1024.597
1726,1,1,17053.588,1024.750
1727,1,1,17498.554,1027.452
1728,1,1,19772.572,1030.695
1729,1,1,17374.339,1023.287
1730,1,1,19816.511,1026.708
1731,1,1,19711.532,1026.622
1732,1,1,18004.025,1024.123
1733,0,0,20043.083,1022.850
1734,1,1,16877.477,1022.658
1735,1,1,20101.945,1023.126
1736,0,0,20113.852,1025.225
1737,1,1,17463.822,1023.102
1738,1,1,16981.157,1024.437
1739,1,1,17656.185,1022.843
1740,1,1,16922.357,1022.659
1741,1,1,19844.972,1024.855
1742,1,1,16228.092,1023.218
1743,1,1,16841.828,1024.129
1744,1,1,19932.234,1024.910
1745,1,1,19354.782,1022.191
1746,1,1,19770.800,1021.864
1747,1,1,18272.929,1019.877
1748,1,1,17933.181,1035.643
1749,1,1,16872.098,1027.859
1750,1,0,20073.736,1025.255
1751,1,1,16961.976,1028.123
1752,0,0,20106.025,1024.573
1753,1,1,20032.498,1025.059
1754,1,1,17779.040,1028.111
1755,1,1,16953.797,1107.077
1756,0,0,20009.938,1079.760
1757,0,0,19855.993,1023.680
1758,1,1,17607.070,1026.461
1759,0,0,19512.178,1028.911
1760,1,1,16916.037,1023.495
1761,1,1,16934.812,1025.520
1762,1,1,16854.610,1023.680
1763,1,1,17524.695,1022.037
1764,1,1,16998.000,1024.018
1765,1,1,17127.348,1026.646
1766,1,1,19116.511,1025.495
1767,1,1,19788.573,1024.461
1768,1,1,17020.313,1019.803
1769,0,0,19855.304,1028.548
1770,1,1,17818.738,1024.936
1771,0,1,20006.787,1032.400
1772,1,1,17677.871,1025.717
1773,1,1,19826.782,1025.606
1774,1,1,16846.572,1023.323
1775,1,1,16959.274,1029.330
1776,1,1,19161.039,1025.926
1777,1,1,16962.468,1028.640
1778,1,1,16785.200,1023.182
1779,1,1,19516.393,1023.766
1780,1,1,19756.800,1026.271
1781,1,1,18011.218,1028.615
1782,0,0,19961.249,1020.443
1783,1,1,17407.490,1029.735
1784,1,0,19755.587,1027.033
1785,1,1,17372.055,1026.523
1786,1,1,16860.868,1026.271
1787,1,1,18052.597,1021.311
1788,1,1,19812.043,1027.126
1789,1,1,17098.185,1032.253
1790,1,1,17925.619,1024.529
1791,0,0,20279.821,1037.022
1792,1,1,19576.252,1049.335
1793,1,0,21876.240,1041.747
1794,1,1,17048.345,1030.640
1795,0,0,20663.182,1054.585
1796,1,1,17905.483,1047.003
1797,1,1,20084.031,1040.757
1798,1,1,18599.520,1032.160
1799,1,1,20094.960,1035.495
1800,1,0,19186.480,1032.013
1801,1,1,20928.524,1062.916
1802,0,0,22465.385,1049.705
1803,1,1,19371.939,1067.643
1804,1,1,19664.788,1027.200
1805,1,1,19537.551,1024.190
1806,1,1,16993.773,1028.191
1807,0,0,20065.465,1030.597
1808,1,1,17093.390,1027.693
1809,1,1,15587.010,1029.311
1810,1,1,16958.314,1023.643
1811,1,1,18076.843,1027.170
1812,1,1,17091.988,1033.477
1813,1,1,16801.939,1030.738
1814,1,1,19387.206,1054.098
1815,1,1,17976.209,1024.148
1816,1,1,17013.538,1023.766
1817,1,1,17952.511,1024.813
1818,1,1,16845.699,1027.920
1819,1,1,19859.138,1030.985
1820,1,1,17991.163,1025.416
1821,1,1,17582.123,1028.129
1822,0,0,20117.114,1023.730
1823,1,1,16844.578,1036.991
1824,1,1,16800.025,1022.019
1825,1,1,17488.621,1024.948
1826,1,1,17125.809,1025.865
1827,1,1,16882.806,1021.581
1828,1,1,19800.769,1025.852
1829,1,0,19036.375,1025.914
1830,1,1,19779.310,1023.846
1831,1,1,16904.917,1026.418
1832,1,1,19772.104,1025.022
1833,1,1,19781.612,1024.720
1834,1,1,17048.111,1041.305
1835,0,0,19838.018,1124.812
1836,1,1,17631.231,1025.034
1837,1,0,20054.043,1032.597
1838,1,1,15610.726,1021.243
1839,1,1,17574.591,1025.139
1840,1,1,16886.344,1024.659
1841,1,1,16994.215,1023.575
1842,1,1,17516.935,1025.790
1843,1,1,16880.185,1030.474
1844,1,1,16820.166,1025.440
1845,1,1,19725.840,1026.221
1846,1,1,18004.418,1021.175
1847,0,0,19639.336,1025.711
1848,1,1,16891.532,1024.818
1849,0,0,20163.095,1034.708
1850,1,1,16433.047,1019.452
1851,1,1,15638.954,1031.490
1852,1,1,17031.053,1026.899
1853,1,0,20046.350,1029.662
1854,1,1,19697.600,1029.083
1855,1,1,16930.837,1029.723
1856,1,1,17062.935,1023.822
1857,1,1,19728.345,1023.317
1858,1,1,17062.627,1022.043
1859,1,1,17742.265,1078.400
1860,1,1,17142.332,1023.305
1861,0,0,18805.569,1028.276
1862,1,1,17069.175,1023.575
1863,0,0,20043.896,1029.329
1864,1,1,19863.926,1022.406
1865,1,1,19548.178,1020.917
1866,1,1,16839.347,1022.917
1867,1,1,16917.120,1029.157
1868,1,1,15648.756,1025.028
1869,1,1,16864.166,1024.824
1870,1,1,19864.990,1024.025
1871,1,1,17944.216,1023.637
1872,1,1,17952.867,1028.499
1873,1,1,17497.305,1029.637
1874,1,1,16998.227,1024.732
1875,1,1,17376.197,1028.270
1876,1,1,19826.111,1025.982
1877,1,1,17014.966,1030.080
1878,1,1,17769.415,1021.766
1879,1,1,19920.443,1029.526
1880,1,1,19822.990,1029.939
1881,0,1,19817.311,1022.356
1882,1,1,17483.982,1026.720
1883,1,1,19952.585,1024.227
1884,1,1,18006.209,1021.015
1885,1,1,19964.628,1030.240
1886,1,1,16997.206,1025.618
1887,1,1,19490.302,1021.600
1888,1,1,17050.542,1140.498
1889,1,1,17287.163,1022.788
1890,1,1,19753.907,1026.738
1891,1,1,17962.492,1031.052
1892,0,0,19615.206,1024.615
1893,1,1,19545.821,1019.890
1894,1,1,16885.188,1023.699
1895,1,1,17940.277,1022.000
1896,1,1,19721.895,1026.972
1897,1,1,19807.003,1106.566
1898,0,0,20073.766,1037.803
1899,1,1,16877.938,1021.286
1900,1,1,19916.794,1020.591
1901,1,1,17356.228,1021.729
1902,0,0,19805.138,1025.292
1903,1,1,16979.581,1030.985
1904,1,1,16766.966,1028.043
1905,1,1,17032.234,1023.674
1906,0,0,20199.877,1027.532
1907,1,1,19840.775,1025.114
1908,1,1,18002.474,1028.000
1909,1,1,17507.853,1125.390
1910,1,1,18814.935,1022.271
1911,1,1,19046.141,1023.047
1912,1,1,19761.643,1021.889
1913,1,1,17986.689,1022.591
1914,1,1,17531.612,1027.686
1915,1,1,17703.625,1029.305
1916,1,1,16796.129,1024.776
1917,1,1,17299.145,1028.523
1918,1,1,17022.584,1021.970
1919,1,1,16932.658,1028.222
1920,1,1,19763.662,1022.456
1921,0,0,19845.286,1024.714
1922,1,1,16860.732,1024.726
1923,1,1,19699.625,1025.600
1924,1,1,20041.735,1021.299
1925,1,1,16902.160,1025.040
1926,0,0,19982.530,1021.735
1927,1,1,19842.929,1028.683
1928,1,1,16974.024,1036.775
1929,1,1,18583.729,1021.994
1930,1,0,19992.153,1019.895
1931,1,0,18930.831,1026.474
1932,1,1,17474.664,1024.633
1933,1,1,18700.535,1028.560
1934,1,1,18034.677,1023.790
1935,1,1,17535.046,1024.807
1936,1,1,18590.498,1025.877
1937,1,1,17985.975,1024.831
1938,1,1,17021.631,1027.932
1939,1,1,17943.305,1030.677
1940,1,1,16806.147,1024.825
1941,1,1,15671.939,1027.987
1942,1,0,20115.742,1022.407
1943,1,0,19929.132,1023.637
1944,1,1,17945.095,1025.834
1945,1,1,16993.507,1026.197
1946,1,1,17820.781,1026.369
1947,1,1,19857.563,1025.692
1948,1,1,19614.979,1021.871
1949,1,1,19772.443,1022.744
1950,1,1,16869.501,1025.360
1951,1,1,19938.437,1031.883
1952,1,1,19977.083,1025.951
1953,1,1,16999.040,1025.292
1954,1,1,17617.329,1023.575
1955,1,1,16925.317,1023.723
1956,1,1,17693.631,1024.966
1957,1,1,16983.828,1029.667
1958,1,1,15532.302,1025.022
1959,1,1,17496.394,1024.954
1960,1,1,19898.382,1023.662
1961,1,1,18073.870,1025.212
1962,1,1,17782.375,1023.262
1963,1,1,16832.049,1029.108
1964,0,0,19888.733,1025.182
1965,1,1,16859.895,1028.529
1966,0,0,18613.852,1021.176
1967,1,1,17595.699,1023.502
1968,1,1,17629.502,1024.732
1969,1,1,16985.261,1032.757
1970,1,1,20095.261,1027.803
1971,1,0,18324.874,1025.607
1972,1,1,19689.988,1022.910
1973,1,1,17040.074,1026.277
1974,1,1,20028.037,1046.061
1975,0,0,20192.819,1029.981
1976,1,1,18978.013,1026.664
1977,1,1,16925.273,1023.859
1978,1,1,19732.111,1021.305
1979,1,1,17041.680,1022.750
1980,1,1,17786.449,1121.532
1981,1,1,17273.760,1033.815
1982,1,1,17470.739,1025.262
1983,1,1,16961.268,1022.684
1984,1,1,19902.387,1024.640
1985,0,0,20550.111,1023.908
1986,1,1,19794.572,1025.883
1987,0,0,19975.151,1030.910
1988,1,1,17954.689,1027.655
1989,1,1,17455.748,1023.495
1990,1,1,16948.135,1022.880
1991,1,1,18006.665,1027.594
1992,1,1,17052.732,1111.889
1993,1,1,16848.320,1026.203
1994,1,1,19724.308,1029.077
1995,0,0,20030.339,1026.788
1996,1,1,19743.643,1020.387
1997,1,1,18019.157,1025.218
1998,1,1,19791.052,1026.087
1999,1,1,19809.883,1028.283
2000,1,1,16906.055,1027.298
2001,1,1,18204.916,1128.142
2002,0,0,20283.754,1032.111
2003,1,1,16947.587,1027.600
2004,1,1,19850.172,1030.179
2005,1,1,19811.145,1033.587
2006,1,1,17116.012,1029.847
2007,1,1,18367.231,1028.117
2008,1,1,18022.080,1027.452
2009,0,0,20175.095,1024.628
2010,1,1,19823.613,1030.111
2011,1,1,19091.803,1031.680
2012,1,1,17931.784,1028.862
2013,1,1,19504.794,1027.674
2014,0,0,20037.630,1027.046
2015,1,1,16924.332,1023.544
2016,1,1,19257.748,1032.480
2017,1,1,17061.901,1021.852
2018,1,1,17945.440,1025.230
2019,1,1,19904.843,1109.944
2020,1,1,16899.225,1029.896
2021,1,1,15662.210,1025.052
2022,1,1,16944.074,1033.390
2023,1,1,19549.428,1022.830
2024,1,1,19715.489,1031.243
2025,1,1,17009.169,1025.618
2026,1,1,16961.452,1026.671
2027,1,1,17442.049,1022.554
2028,1,1,16925.366,1028.523
2029,1,1,19194.585,1020.874
2030,1,0,19897.969,1026.874
2031,1,1,17195.188,1023.169
2032,1,1,20281.360,1026.264
2033,0,0,19854.732,1026.800
2034,1,1,17042.049,1027.550
2035,1,1,19128.960,1020.708
2036,1,1,19820.295,1024.991
2037,1,1,19894.517,1023.231
2038,1,1,16939.372,1024.111
2039,1,0,19788.591,1022.567
2040,1,1,16887.003,1028.671
2041,1,1,19637.932,1020.868
2042,1,1,17203.907,1030.338
2043,1,1,19608.357,1024.578
2044,1,1,19783.680,1030.787
2045,1,1,16926.258,1024.683
2046,1,1,16927.249,1033.489
2047,0,1,19934.480,1022.757
2048,1,1,17076.695,1027.280
2049,0,0,19819.207,1023.182
2050,1,1,19843.145,1033.249
2051,1,1,16790.917,1024.831
2052,1,1,16903.551,1027.576
2053,0,0,19549.741,1024.012
2054,1,1,17279.533,1030.050
2055,1,0,19864.369,1023.680
2056,1,1,18016.179,1029.108
2057,1,1,16940.942,1023.440
2058,1,1,16933.464,1031.570
2059,1,1,16939.747,1032.129
2060,1,1,16787.796,1026.056
2061,1,1,19752.634,1022.370
2062,0,0,19827.354,1026.960
2063,0,0,19816.677,1024.357
2064,1,1,16972.954,1031.582
2065,1,1,17859.379,1036.037
2066,1,1,19927.686,1029.490
2067,1,1,19439.157,1026.178
2068,1,1,17972.276,1031.618
2069,1,1,18013.821,1026.339
2070,1,1,17015.932,1030.105
2071,1,1,19830.867,1021.138
2072,1,1,17031.022,1028.763
2073,1,1,17052.757,1025.410
2074,1,1,19860.652,1035.693
2075,1,1,17039.772,1025.828
2076,1,1,17025.471,1032.498
2077,1,1,17027.317,1020.523
2078,1,1,18108.874,1026.806
2079,1,1,19598.203,1023.249
2080,1,1,17073.273,1030.388
2081,1,1,19619.520,1024.960
2082,1,0,19952.782,1031.311
2083,1,1,18071.993,1027.699
2084,0,0,20064.991,1021.994
2085,1,1,17687.711,1111.545
2086,1,1,16970.289,1026.824
2087,1,1,17033.815,1028.800
2088,1,1,17060.105,1026.548
2089,1,1,15499.040,1022.505
2090,1,1,17846.234,1034.036
2091,1,0,19907.908,1024.652
2092,1,0,19029.865,1031.908
2093,1,1,17034.449,1024.197
2094,0,0,19824.849,1032.782
2095,1,1,17286.695,1022.615
2096,1,1,17455.686,1027.526
2097,1,1,17030.031,1026.228
2098,1,1,19832.320,1029.526
2099,1,1,19918.296,1021.957
2100,1,1,19685.367,1029.200
2101,1,1,17016.812,1034.424
2102,1,1,15532.473,1031.379
2103,0,0,19886.991,1024.591
2104,1,1,19802.295,1033.391
2105,1,1,17167.200,1023.040
2106,0,0,20068.511,1026.972
2107,1,1,20064.357,1023.292
2108,1,1,19805.606,1023.299
2109,1,1,15543.187,1025.101
2110,1,1,19917.101,1031.858
2111,1,1,16977.274,1032.990
2112,1,1,19638.487,1031.828
2113,1,1,18270.444,1022.455
2114,1,0,19043.877,1032.173
2115,1,1,19854.554,1025.034
2116,1,1,19937.022,1027.852
2117,1,1,19845.920,1026.000
2118,1,1,16770.978,1030.295
2119,1,1,16934.720,1024.160
2120,1,1,18008.037,1030.173
2121,1,1,19585.428,1023.741
2122,1,1,18050.739,1027.280
2123,0,1,17765.975,1020.031
2124,1,1,17708.523,1028.566
2125,1,1,16545.317,1024.973
2126,1,1,18727.871,1031.890
2127,1,1,15558.467,1027.582
2128,1,1,15666.683,1027.883
2129,1,1,16990.387,1027.483
2130,1,1,19612.142,1031.317
2131,1,1,17405.379,1027.219
2132,1,1,17521.132,1026.141
2133,1,1,17625.858,1025.637
2134,1,1,17425.883,1036.148
2135,1,1,19894.868,1027.464
2136,1,1,19789.526,1129.502
2137,1,1,19835.507,1036.387
2138,1,1,16858.763,1032.148
2139,1,1,16900.080,1022.247
2140,1,1,17087.237,1023.994
2141,1,0,19870.320,1029.194
2142,1,1,18199.797,1028.991
2143,1,1,18688.542,1023.803
2144,1,1,19810.307,1025.009
2145,1,0,16958.590,1020.486
2146,1,1,16955.274,1029.747
2147,1,1,18639.034,1023.600
2148,1,1,16850.511,1030.702
2149,1,1,17018.129,1021.083
2150,1,1,18994.671,1027.249
2151,1,1,17730.166,1022.967
2152,0,0,19569.502,1028.984
2153,1,1,19841.096,1028.850
2154,1,1,16798.006,1029.668
2155,1,1,16970.105,1025.655
2156,1,1,17626.757,1031.526
2157,1,1,16874.714,1023.225
2158,1,1,16826.320,1031.896
2159,0,1,18285.003,1022.769
2160,1,1,19878.843,1027.243
2161,0,0,20002.788,1025.686
2162,1,1,20042.092,1030.172
2163,1,1,16943.834,1025.089
2164,1,0,19973.883,1031.495
2165,0,0,20077.428,1023.440
2166,1,1,19812.591,1031.827
2167,1,1,16810.492,1018.732
2168,1,1,18907.151,1026.622
2169,1,1,19795.612,1024.030
2170,1,1,18250.517,1028.585
2171,1,1,17838.443,1023.476
2172,1,1,18045.347,1027.187
2173,1,1,16893.779,1025.606
2174,0,0,17161.785,1026.443
2175,1,1,16899.323,1025.114
2176,0,0,20090.855,1025.341
2177,0,0,20085.305,1023.028
2178,0,0,18126.148,1029.993
2179,1,1,16959.416,1021.864
2180,1,1,17048.363,1027.077
2181,1,1,16926.099,1025.267
2182,1,1,16609.957,1027.938
2183,1,1,16949.797,1021.360
2184,1,1,19774.074,1033.865
2185,0,0,19888.430,1024.037
2186,1,1,19017.378,1029.705
2187,1,1,19801.821,1026.775
2188,1,1,15805.938,1025.268
2189,1,1,16955.532,1023.059
2190,1,1,17928.289,1033.324
2191,1,1,16986.849,1023.772
2192,1,1,17407.994,1029.373
2193,1,1,16824.960,1025.846
2194,1,1,19816.000,1028.123
2195,1,1,17029.908,1025.533
2196,0,0,19741.249,1031.852
2197,1,1,19878.099,1026.929
2198,1,1,18962.573,1029.336
2199,1,1,16911.089,1026.744
2200,1,1,18251.711,1025.736
2201,1,1,15560.844,1020.179
2202,1,1,16954.160,1035.484
2203,1,1,16932.665,1021.717
2204,1,1,17006.738,1028.130
2205,1,1,18033.169,1022.351
2206,1,1,19857.994,1026.665
2207,0,0,19825.686,1022.954
2208,1,1,19793.704,1031.717
2209,1,1,16975.359,1036.585
2210,1,1,17341.563,1028.505
2211,1,1,19796.197,1026.597
2212,1,1,19795.311,1030.480
2213,1,1,16917.495,1027.458
2214,0,0,20229.785,1028.547
2215,1,1,17842.425,1024.074
2216,1,1,16437.477,1028.277
2217,0,0,20079.809,1025.465
2218,1,1,17652.511,1028.129
2219,1,1,19560.123,1021.945
2220,1,1,17543.754,1030.068
2221,1,1,19665.440,1022.000
2222,1,1,19181.434,1026.062
2223,1,1,17672.012,1027.114
2224,1,1,17992.030,1031.846
2225,1,1,16936.425,1019.655
2226,0,0,19780.850,1029.932
2227,1,1,17608.277,1021.120
2228,1,1,19916.584,1032.178
2229,1,1,16976.061,1034.209
2230,0,0,19946.627,1031.311
2231,0,0,19955.612,1039.822
2232,0,0,19689.262,1029.107
2233,0,0,20139.871,1099.637
2234,1,1,17895.193,1027.711
2235,1,1,16969.741,1023.791
2236,1,1,19898.615,1028.646
2237,1,1,17064.935,1025.895
2238,1,1,17982.665,1028.154
2239,1,1,17825.741,1024.068
2240,1,0,18532.597,1028.461
2241,1,1,17982.111,1022.019
2242,1,1,17500.313,1032.018
2243,0,0,20108.400,1027.576
2244,1,1,16887.249,1029.975
2245,1,1,17530.757,1024.123
2246,0,0,20067.772,1027.606
2247,1,1,18047.243,1026.750
2248,1,1,17439.673,1029.926
2249,0,0,19803.563,1026.585
2250,1,1,17567.139,1089.594
2251,1,1,19710.467,1027.859
2252,1,1,17898.646,1024.621
2253,1,1,19835.729,1022.941
2254,1,1,19758.073,1031.748
2255,1,1,19578.105,1022.074
2256,1,1,19775.686,1032.179
2257,1,1,20026.228,1021.932
2258,1,1,17040.197,1022.406
2259,1,0,19996.350,1023.606
2260,1,1,17594.923,1024.757
2261,1,1,16919.520,1028.511
2262,1,1,19808.203,1027.576
2263,1,1,17025.557,1022.813
2264,1,1,19971.095,1019.692
2265,0,0,20006.960,1022.910
2266,0,0,19977.526,1023.471
2267,1,1,17549.686,1030.443
2268,1,1,19943.901,1032.584
2269,1,1,17442.486,1035.089
2270,1,1,16883.730,1029.022
2271,1,1,19011.348,1020.487
2272,0,0,19549.206,1022.997
2273,1,1,19446.972,1030.135
2274,1,1,17862.376,1027.440
2275,1,1,17041.730,1102.086
2276,1,0,20195.434,1025.735
2277,0,0,19602.289,1037.188
2278,1,1,19559.852,1022.166
2279,1,1,16954.696,1028.917
2280,1,1,17557.367,1030.597
2281,1,1,17047.286,1024.326
2282,1,1,16896.523,1028.462
2283,1,1,16878.031,1026.874
2284,1,0,19273.729,1027.422
2285,1,1,19817.594,1027.994
2286,1,1,20026.615,1025.132
2287,1,1,17810.769,1026.819
2288,1,1,19813.982,1026.764
2289,0,0,19770.732,1024.258
2290,1,1,17445.748,1035.655
2291,1,1,17583.138,1031.213
2292,0,0,20630.068,1027.908
2293,1,1,19116.406,1027.575
2294,1,1,17136.308,1024.135
2295,1,1,20005.127,1023.200
2296,1,1,17042.308,1026.487
2297,1,1,19890.388,1031.409
2298,1,1,15555.625,1029.120
2299,1,1,17454.948,1023.870
2300,1,1,17054.019,1026.640
2301,0,0,19690.923,1027.513
2302,1,1,16872.018,1023.347
2303,1,1,18059.206,1026.560
2304,0,0,19950.597,1031.520
2305,1,1,17480.622,1029.889
2306,1,1,17007.495,1023.884
2307,1,1,19820.683,1026.837
2308,1,1,17640.714,1037.607
2309,1,1,19800.634,1026.812
2310,1,1,17925.809,1026.917
2311,1,1,16961.773,1023.187
2312,1,1,17801.083,1026.129
2313,1,1,18338.073,1023.914
2314,1,1,19805.847,1033.015
2315,1,1,16843.292,1029.366
2316,1,1,17024.738,1029.403
2317,1,1,17159.237,1023.705
2318,1,1,16953.428,1022.560
2319,1,1,16862.929,1026.763
2320,1,1,20652.314,1022.320
2321,1,1,17535.680,1031.163
2322,1,1,17540.837,1037.046
2323,1,1,16944.253,1024.013
2324,1,1,18490.104,1021.655
2325,1,1,19759.569,1028.738
2326,1,1,18063.736,1023.016
2327,1,1,19666.905,1026.517
2328,1,1,16915.957,1029.944
2329,1,1,19818.991,1023.994
2330,1,1,19867.993,1029.206
2331,1,1,19944.880,1031.293
2332,1,1,16928.382,1022.326
2333,1,1,17470.634,1026.259
2334,1,1,17052.418,1029.126
2335,1,1,16998.584,1021.305
2336,0,0,20134.898,1038.585
2337,1,1,17645.729,1025.913
2338,1,1,17497.225,1025.175
2339,1,1,17117.200,1035.754
2340,1,0,20085.933,1030.154
2341,1,0,19778.554,1027.668
2342,1,1,19676.942,1028.179
2343,1,1,18326.055,1037.858
2344,1,1,19948.339,1035.618
2345,1,1,17327.816,1031.613
2346,1,1,20165.987,1028.905
2347,1,1,19750.979,1024.123
2348,1,0,20102.301,1027.145
2349,1,1,17069.095,1025.650
2350,0,0,19967.785,1024.492
2351,1,1,17596.073,1028.492
2352,1,1,16892.148,1030.240
2353,1,1,17691.219,1036.757
2354,1,1,19709.963,1027.151
2355,1,1,17657.656,1025.157
2356,1,1,19978.135,1022.929
2357,1,1,17072.160,1029.477
2358,1,1,16939.268,1024.215
2359,1,1,17415.545,1024.369
2360,0,0,19969.779,1022.443
2361,1,0,20018.320,1023.458
2362,1,1,16883.828,1021.963
2363,1,0,19999.274,1027.342
2364,0,0,20160.505,1029.563
2365,1,1,18046.030,1022.824
2366,1,0,19007.360,1030.370
2367,1,1,19846.388,1025.680
2368,1,1,16551.729,1025.231
2369,1,1,16877.243,1027.914
2370,1,1,16916.492,1032.560
2371,1,1,17617.575,1031.502
2372,1,1,16979.803,1031.717
2373,0,0,19543.656,1021.981
2374,1,1,17096.179,1024.376
2375,1,1,19821.028,1029.021
2376,1,1,19741.994,1027.047
2377,1,1,17123.883,1030.486
2378,1,1,19701.716,1021.687
2379,1,1,17182.246,1020.123
2380,1,1,16867.951,1023.133
2381,0,1,19898.523,1025.698
2382,1,1,16927.477,1029.988
2383,1,1,16464.966,1025.348
2384,1,1,18020.037,1024.111
2385,1,1,16969.742,1027.021
2386,1,1,16890.788,1026.849
2387,1,1,19752.498,1024.905
2388,1,1,17174.265,1031.532
2389,1,1,17693.852,1026.049
2390,1,1,19102.911,1023.828
2391,1,1,16984.800,1035.963
2392,1,1,19742.757,1107.532
2393,1,0,19955.908,1027.114
2394,1,1,17683.975,1027.139
2395,1,0,18736.474,1023.581
2396,1,1,17439.667,1023.815
2397,1,1,19742.338,1024.172
2398,1,1,16829.016,1025.243
2399,0,0,20364.394,1036.184
2400,1,1,19525.255,1032.763
2401,1,1,16971.588,1026.246
2402,1,1,19779.280,1026.344
2403,1,0,17244.136,1023.255
2404,1,1,17093.065,1026.111
2405,1,1,18647.181,1025.735
2406,1,1,19458.640,1025.871
2407,1,1,17335.409,1025.650
2408,1,1,17035.267,1020.203
2409,1,1,17016.227,1023.422
2410,1,0,19906.953,1022.788
2411,1,1,17417.742,1032.179
2412,1,1,19689.920,1029.052
2413,1,1,16901.667,1023.366
2414,1,1,17820.572,1023.723
2415,1,1,17745.176,1026.923
2416,1,1,18353.637,1020.591
2417,1,0,19649.354,1031.065
2418,1,1,19704.973,1030.603
2419,0,1,19996.843,1023.015
2420,1,1,19700.782,1029.286
2421,1,1,16976.455,1023.409
2422,1,0,20008.394,1021.286
2423,1,1,17092.997,1029.385
2424,1,1,16831.366,1024.006
2425,1,1,16932.031,1025.101
2426,1,1,19812.025,1022.259
2427,1,1,18776.756,1022.548
2428,1,1,16843.594,1023.613
2429,1,1,17695.637,1027.779
2430,1,1,17396.751,1029.495
2431,1,1,16950.086,1022.714
2432,1,1,17087.932,1027.618
2433,1,1,16908.055,1022.443
2434,1,1,16942.012,1024.750
2435,1,1,18395.729,1030.701
2436,0,0,20084.357,1027.920
2437,1,1,16995.594,1025.040
2438,1,0,20036.104,1022.874
2439,1,1,16882.080,1018.301
2440,1,1,19917.631,1023.323
2441,1,1,17437.865,1032.757
2442,0,0,19670.695,1033.797
2443,1,1,17087.514,1024.030
2444,0,0,20261.822,1022.375
2445,1,1,16483.027,1024.936
2446,1,1,19788.104,1081.526
2447,1,1,17848.468,1030.850
2448,1,1,19784.855,1024.997
2449,1,1,19705.298,1024.757
2450,1,1,19600.301,1024.369
2451,1,1,19755.606,1027.526
2452,1,1,17861.501,1023.335
2453,1,1,17806.911,1026.487
2454,1,1,17717.206,1022.985
2455,1,1,17978.296,1026.080
2456,1,1,19716.233,1025.126
2457,1,1,17049.655,1026.062
2458,1,1,16642.769,1026.893
2459,1,1,16964.517,1028.683
2460,1,1,16932.714,1030.369
2461,1,1,17500.788,1027.249
2462,0,0,21268.314,1042.554
2463,1,1,18811.034,1056.320
2464,1,1,21339.310,1025.274
2465,1,1,17344.566,1031.354
2466,0,0,27703.674,1368.184
2467,0,0,22804.683,1041.803
2468,0,0,21701.920,1035.286
2469,1,1,18485.483,1050.086
2470,1,1,21715.655,1063.833
2471,0,0,23026.930,1062.197
2472,1,1,21054.664,1062.751
2473,1,1,19248.837,1033.575
2474,0,0,20982.775,1030.499
2475,1,1,17238.062,1030.603
2476,1,1,20258.142,1029.619
2477,0,0,19992.271,1023.292
2478,0,0,20358.388,1036.536
2479,0,0,20626.394,1025.212
2480,1,1,20117.741,1027.422
2481,1,1,17784.990,1031.083
2482,1,1,18366.394,1030.794
2483,1,1,17489.378,1022.535
2484,1,1,20178.357,1038.960
2485,1,1,17838.283,1030.024
2486,1,1,19368.695,1033.310
2487,1,1,17823.533,1026.628
2488,1,1,20218.713,1032.375
2489,0,0,20536.209,1037.858
2490,1,1,17902.259,1038.997
2491,1,1,17352.825,1027.680
2492,1,1,17916.006,1031.933
2493,1,1,20264.726,1031.514
2494,1,1,20374.585,1026.209
2495,1,1,18675.218,1037.070
2496,1,1,18223.064,1031.631
2497,1,1,17305.791,1032.093
2498,1,1,20267.458,1028.597
2499,0,0,20217.200,1028.000
2500,1,1,20207.655,1032.283
2501,1,1,18587.372,1036.579
2502,1,1,20123.187,1034.197
2503,1,1,17300.111,1037.009
2504,1,1,17371.588,1028.923
2505,1,1,17323.680,1036.376
2506,0,0,20365.772,1028.905
2507,1,1,17308.221,1035.588
2508,1,1,18198.529,1035.526
2509,1,1,20395.907,1023.151
2510,1,1,18377.717,1028.474
2511,0,1,20278.000,1037.391
2512,0,1,20112.677,1034.659
2513,0,0,20418.271,1036.105
2514,1,1,18382.031,1031.723
2515,1,1,18322.794,1035.933
2516,1,1,20058.825,1029.852
2517,0,0,20083.323,1028.794
2518,0,1,20430.621,1030.523
2519,1,1,17423.422,1030.850
2520,1,0,20535.477,1032.911
2521,0,0,20065.218,1040.874
2522,1,1,17301.705,1034.406
2523,1,0,19401.896,1037.268
2524,1,1,18101.587,1030.166
2525,1,1,17438.486,1024.301
2526,1,1,19698.658,1029.926
2527,1,1,20318.541,1037.016
2528,1,1,17421.926,1034.240
2529,1,1,17150.609,1025.022
2530,1,1,17814.160,1033.385
2531,0,0,20472.566,1038.621
2532,1,1,19986.357,1030.615
2533,1,1,20258.062,1036.997
2534,1,1,17895.113,1030.351
2535,1,1,20326.695,1040.166
2536,1,1,20397.194,1030.400
2537,1,1,20270.942,1036.633
2538,1,1,19237.803,1033.742
2539,0,0,20558.917,1035.329
2540,1,1,20180.886,1032.603
2541,0,0,20483.108,1037.324
2542,1,1,17828.191,1027.569
2543,0,0,20453.353,1024.708
2544,1,1,20331.403,1035.089
2545,1,0,20285.926,1035.655
2546,0,0,20506.942,1027.870
2547,1,1,19117.299,1039.071
2548,1,1,16060.240,1026.603
2549,1,1,20250.696,1035.637
2550,1,1,20448.382,1031.280
2551,1,1,20246.493,1035.230
2552,1,0,20756.702,1029.705
2553,1,1,17321.489,1034.006
2554,1,1,20287.225,1028.837
2555,1,1,18356.923,1032.000
2556,1,1,19676.000,1034.616
2557,1,1,20129.538,1031.981
2558,1,0,20246.936,1039.612
2559,1,1,17271.477,1040.166
2560,1,1,17352.111,1037.520
2561,1,1,17431.760,1037.323
2562,0,0,19696.382,1035.619
2563,1,1,17479.366,1139.520
2564,1,1,18924.141,1032.216
2565,1,1,18347.797,1034.197
2566,0,1,20362.289,1027.323
2567,0,0,20376.954,1032.277
2568,1,1,20114.345,1031.550
2569,1,1,17570.665,1030.732
2570,1,1,17408.929,1032.431
2571,1,1,18249.496,1038.504
2572,0,0,19983.181,1033.219
2573,1,1,19565.447,1039.698
2574,1,1,17158.350,1029.218
2575,1,1,20217.305,1036.394
2576,1,1,18400.320,1031.101
2577,1,1,17427.495,1038.763
2578,1,1,20274.080,1031.083
2579,1,1,16613.077,1034.603
2580,1,1,20190.437,1027.821
2581,1,1,17481.077,1038.763
2582,1,1,20274.049,1112.966
2583,1,1,17275.705,1035.347
2584,1,1,17268.985,1030.831
2585,1,1,17308.394,1037.040
2586,1,1,18157.390,1032.019
2587,1,1,20146.640,1033.483
2588,1,1,20013.938,1037.951
2589,1,1,20219.864,1031.176
2590,1,1,17718.720,1030.197
2591,1,1,17437.988,1037.145
2592,1,1,20159.717,1030.664
2593,1,1,19162.622,1036.456
2594,1,1,20341.046,1030.745
2595,1,1,20170.511,1038.578
2596,1,1,20248.061,1031.902
2597,1,1,17439.304,1037.403
2598,1,0,20577.612,1030.726
2599,1,1,18432.271,1037.834
2600,1,1,18419.956,1030.690
2601,1,1,15924.972,1035.612
2602,1,1,20135.495,1030.603
2603,1,1,20260.160,1037.194
2604,1,1,19945.557,1031.840
2605,1,1,19095.963,1038.443
2606,1,1,17396.209,1035.126
2607,1,1,18485.292,1038.406
2608,1,1,18148.240,1034.043
2609,1,1,20246.369,1037.003
2610,1,1,20193.003,1032.443
2611,1,1,18480.480,1034.498
2612,1,1,17282.431,1033.514
2613,1,1,17411.871,1025.379
2614,1,1,17433.113,1032.056
2615,1,1,17596.788,1037.477
2616,0,0,20551.028,1133.557
2617,1,1,17755.920,1023.717
2618,1,1,20157.022,1032.818
2619,1,1,18720.812,1033.575
2620,1,1,20128.529,1032.899
2621,1,1,17341.459,1040.308
2622,1,1,18401.723,1030.474
2623,0,0,20162.843,1035.550
2624,1,1,20482.117,1030.400
2625,1,1,20025.212,1030.855
2626,1,1,18266.634,1033.612
2627,1,1,18467.175,1034.307
2628,1,1,20197.089,1032.068
2629,1,1,20224.246,1040.314
2630,1,1,18718.713,1025.625
2631,0,1,20549.545,1041.409
2632,0,0,20232.394,1031.483
2633,1,1,18248.437,1112.351
2634,1,1,20068.683,1023.988
2635,1,1,18251.624,1036.941
2636,1,0,20227.913,1031.944
2637,1,1,20181.643,1032.800
2638,1,0,20098.363,1030.874
2639,0,0,20057.514,1035.527
2640,1,1,17275.846,1030.990
2641,1,1,17334.295,1036.086
2642,0,0,20374.788,1032.425
2643,1,1,17418.880,1036.997
2644,1,1,20373.784,1029.428
2645,1,1,17307.311,1034.597
2646,0,0,20363.434,1039.618
2647,1,1,19877.058,1113.600
2648,1,1,18470.554,1032.074
2649,1,1,18308.868,1031.877
2650,1,1,17312.093,1028.572
2651,1,1,20052.579,1036.523
2652,1,1,18482.511,1033.612
2653,1,1,20242.929,1037.490
2654,1,1,18433.175,1029.293
2655,1,1,18284.185,1035.126
2656,1,1,19078.295,1030.259
2657,0,0,20975.748,1037.815
2658,1,1,17838.160,1032.000
2659,0,0,20383.649,1035.779
2660,1,1,19382.320,1029.502
2661,1,1,17332.830,1038.967
2662,1,1,17425.920,1030.061
2663,1,1,18418.437,1040.074
2664,0,0,20395.790,1034.025
2665,1,1,17139.538,1039.526
2666,1,1,18356.776,1031.292
2667,0,1,20253.809,1038.702
2668,1,1,17304.634,1029.268
2669,1,0,20137.317,1035.951
2670,1,1,17431.969,1030.806
2671,1,1,17251.213,1062.339
2672,1,1,20147.545,1029.944
2673,0,0,20679.631,1121.157
2674,1,1,17865.655,1030.954
2675,1,0,17681.009,1036.425
2676,1,1,18107.113,1027.225
2677,1,1,20214.856,1034.739
2678,1,1,17721.219,1029.305
2679,1,0,15960.689,1035.077
2680,1,1,20258.781,1027.083
2681,1,1,18144.043,1040.659
2682,1,0,19940.031,1025.889
2683,1,1,20419.982,1030.080
2684,1,1,17289.200,1038.252
2685,0,0,20647.329,1038.634
2686,1,1,17379.471,1029.686
2687,1,1,20267.563,1036.677
2688,1,1,17940.572,1029.354
2689,1,1,17885.532,1037.077
2690,0,0,20178.473,1027.071
2691,1,1,18154.633,1038.357
2692,1,1,17304.092,1031.378
2693,0,0,20229.600,1034.240
2694,0,0,20397.010,1030.615
2695,1,1,17314.043,1034.246
2696,1,1,16866.923,1036.972
2697,0,0,20654.960,1043.286
2698,1,1,17777.852,1033.243
2699,1,1,17416.098,1035.969
2700,1,1,20142.363,1028.671
2701,1,1,20169.791,1038.554
2702,1,1,17283.403,1036.899
2703,0,0,20784.030,1038.665
2704,1,1,17547.705,1035.840
2705,1,1,20097.323,1035.477
2706,1,1,20390.585,1032.375
2707,1,1,17205.385,1036.659
2708,1,1,17274.111,1028.892
2709,1,1,18370.923,1034.252
2710,1,1,17283.913,1030.264
2711,1,1,17217.305,1038.277
2712,1,1,17203.323,1030.825
2713,1,1,18168.584,1038.098
2714,1,1,17440.228,1029.889
2715,1,1,20185.231,1037.440
2716,1,1,17922.523,1033.225
2717,0,0,20594.745,1034.904
2718,1,1,18248.874,1039.126
2719,1,1,17207.877,1037.188
2720,1,1,15979.359,1033.902
2721,1,1,17502.560,1035.631
2722,1,1,20475.576,1027.114
2723,1,1,17486.671,1037.206
2724,1,1,17291.496,1029.649
2725,1,1,17347.785,1039.224
2726,1,1,20239.366,1033.988
2727,0,0,20400.653,1031.680
2728,1,1,17424.898,1031.489
2729,1,1,20354.105,1039.120
2730,1,1,18253.323,1029.982
2731,0,0,20528.351,1038.449
2732,1,1,17407.299,1031.926
2733,1,1,20191.545,1024.277
2734,1,1,18474.757,1027.963
2735,1,1,20131.261,1036.923
2736,1,1,17923.144,1031.612
2737,1,1,20177.809,1034.726
2738,1,1,16051.108,1030.647
2739,1,1,20269.422,1036.720
2740,1,1,18092.264,1029.852
2741,1,1,20190.221,1022.573
2742,1,1,20078.413,1031.846
2743,1,1,19645.643,1046.670
2744,1,1,18604.130,1133.311
2745,1,0,20954.831,1059.901
2746,1,1,18669.994,1029.582
2747,1,0,20304.295,1034.197
2748,1,0,20383.083,1034.560
2749,1,1,18469.268,1023.477
2750,1,1,20328.597,1027.822
2751,1,1,20254.775,1036.086
2752,1,1,18296.339,1029.514
2753,1,1,17374.018,1038.375
2754,1,1,17451.502,1029.686
2755,1,1,17320.154,1036.615
2756,1,1,17294.714,1024.917
2757,1,1,17754.498,1036.627
2758,1,0,20395.058,1036.640
2759,1,1,17813.950,1028.203
2760,1,1,17437.865,1029.379
2761,1,1,20084.566,1029.354
2762,1,1,20287.600,1030.806
2763,1,1,17923.434,1093.206
2764,1,1,17287.766,1033.046
2765,1,1,18303.871,1025.003
2766,1,0,20369.058,1033.772
2767,1,1,20166.689,1029.643
2768,0,0,16738.819,1032.480
2769,1,1,17914.160,1040.535
2770,1,1,20296.148,1036.578
2771,1,1,20187.237,1030.652
2772,1,1,18336.794,1038.099
2773,1,1,17315.250,1031.268
2774,1,1,17854.167,1030.640
2775,1,1,18377.754,1034.025
2776,1,1,18859.484,1038.511
2777,1,1,17766.898,1029.028
2778,1,1,17279.446,1033.434
2779,1,1,17483.612,1030.314
2780,1,1,17425.570,1029.717
2781,1,1,18082.030,1039.231
2782,0,0,20485.545,1038.480
2783,1,1,18099.895,1034.510
2784,1,1,20116.437,1031.169
2785,1,1,17766.984,1030.867
2786,1,1,18312.850,1028.585
2787,1,1,17341.606,1039.194
2788,1,1,18450.092,1037.421
2789,1,1,19484.185,1031.077
2790,1,1,17419.471,1033.569
2791,0,0,20571.348,1033.858
2792,1,1,17305.138,1029.071
2793,0,0,20271.944,1022.407
2794,1,1,19705.379,1035.785
2795,1,1,17289.920,1029.052
2796,1,1,17329.920,1028.861
2797,1,1,20171.212,1031.705
2798,1,1,20146.265,1028.751
2799,1,1,20262.800,1036.825
2800,1,1,20112.215,1035.773
2801,1,1,18188.344,1037.003
2802,0,0,20344.628,1032.264
2803,1,1,19579.717,1033.668
2804,1,1,20102.486,1032.677
2805,1,1,17259.619,1024.419
2806,1,1,20235.194,1036.960
2807,1,1,17331.489,1032.382
2808,1,1,19699.680,1031.415
2809,1,1,17815.760,1028.516
2810,0,1,20256.492,1028.523
2811,1,1,20188.074,1034.763
2812,1,1,18418.055,1022.898
2813,1,1,17770.486,1030.695
2814,1,1,20072.259,1030.584
2815,1,1,19887.969,1037.914
2816,1,0,20373.274,1031.699
2817,1,1,19939.409,1025.870
2818,1,1,17248.283,1026.142
2819,1,1,20222.763,1029.668
2820,0,0,20191.335,1036.461
2821,1,1,17904.991,1029.250
2822,1,1,20033.618,1031.576
2823,1,1,16352.787,1023.409
2824,1,1,18141.582,1032.935
2825,1,1,18300.658,1030.634
2826,0,0,20285.310,1034.646
2827,0,0,20270.246,1035.975
2828,1,1,17506.062,1035.594
2829,1,1,19995.999,1034.948
2830,0,0,19613.927,1024.320
2831,1,1,18317.083,1033.920
2832,1,1,17237.766,1031.206
2833,1,1,17921.434,1035.090
2834,1,1,17208.173,1029.612
2835,1,1,17916.283,1034.812
2836,1,1,17364.874,1036.468
2837,1,1,20250.769,1029.544
2838,1,1,20120.498,1030.806
2839,1,1,20286.160,1031.630
2840,1,1,18076.689,1031.613
2841,0,1,17821.563,1037.667
2842,1,1,20122.147,1034.018
2843,1,1,17867.624,1030.000
2844,1,1,18494.541,1028.529
2845,1,1,17319.065,1031.225
2846,1,1,17484.677,1030.203
2847,1,1,17241.070,1038.763
2848,1,0,20084.437,1029.182
2849,1,1,18612.677,1027.083
2850,1,1,17363.243,1032.148
2851,1,1,17395.298,1031.120
2852,1,1,18372.671,1033.797
2853,0,0,20487.342,1034.899
2854,1,0,20360.468,1036.707
2855,1,1,18371.212,1034.271
2856,1,1,17193.840,1035.834
2857,1,1,17352.301,1030.326
2858,0,0,20483.249,1032.480
2859,1,1,20248.960,1038.308
2860,1,0,20183.157,1035.545
2861,1,1,17459.016,1027.150
2862,1,1,20150.099,1029.514
2863,1,0,20123.415,1030.861
2864,1,1,20040.683,1032.406
2865,1,1,17925.963,1022.966
2866,1,1,20130.985,1037.539
2867,1,1,17266.123,1032.129
2868,1,1,19172.073,1029.403
2869,1,1,17155.255,1032.216
2870,1,1,20294.837,1033.249
2871,0,0,20130.154,1036.061
2872,1,1,19544.972,1033.268
2873,1,1,18306.991,1030.830
2874,1,1,20228.284,1031.520
2875,1,1,16004.985,1029.976
2876,1,0,20100.258,1032.393
2877,1,1,15928.966,1024.400
2878,0,0,20141.545,1036.874
2879,0,0,20367.593,1028.043
2880,0,1,19424.683,1031.194
2881,1,1,17326.462,1032.437
2882,1,0,16013.046,1031.083
2883,1,1,17155.785,1023.292
2884,1,1,17350.887,1022.117
2885,1,1,20224.923,1032.794
2886,0,0,20193.274,1033.255
2887,1,1,18405.791,1029.661
2888,1,1,20218.394,1032.991
2889,1,1,17006.640,1036.117
2890,0,0,20335.643,1038.670
2891,1,1,18391.422,1033.397
2892,1,1,19766.633,1031.680
2893,1,1,20174.800,1028.344
2894,1,1,20244.142,1036.603
2895,1,1,17177.588,1040.234
2896,1,1,17371.883,1034.788
2897,1,1,17314.295,1033.003
2898,1,1,19576.985,1029.951
2899,1,1,18564.978,1027.175
2900,0,0,20309.613,1031.483
2901,1,1,17398.400,1037.957
2902,0,0,20266.443,1031.096
2903,1,1,20098.615,1038.424
2904,0,0,20237.095,1029.600
2905,1,0,20450.542,1033.274
2906,1,1,17258.136,1031.859
2907,1,1,17385.785,1039.822
2908,1,1,17299.280,1035.625
2909,1,1,20055.840,1032.363
2910,1,1,17926.991,1035.422
2911,1,0,20316.449,1033.914
2912,1,1,20131.108,1028.585
2913,1,1,17310.031,1037.096
2914,1,1,17350.074,1029.834
2915,0,0,20557.803,1031.127
2916,0,0,20393.526,1030.856
2917,1,1,18356.443,1030.843
2918,0,0,20865.471,1032.628
2919,1,1,20004.794,1024.345
2920,0,0,20359.705,1038.043
2921,1,1,20003.489,1032.222
2922,1,1,19723.926,1028.923
2923,1,1,18077.299,1032.720
2924,1,1,20397.513,1032.972
2925,1,1,17272.548,1033.938
2926,1,1,18233.790,1034.290
2927,0,0,20559.427,1027.883
2928,1,1,18283.822,1031.582
2929,1,1,17958.006,1035.397
2930,1,1,17358.708,1031.539
2931,1,1,20119.495,1037.095
2932,1,1,18091.895,1023.464
2933,0,0,20333.274,1031.963
2934,1,1,20073.883,1027.305
2935,0,0,19931.507,1030.960
2936,0,0,20022.338,1028.751
2937,0,0,20338.781,1023.932
2938,0,0,20337.914,1035.298
2939,1,1,17888.769,1027.421
2940,1,1,17375.508,1040.056
2941,0,0,20608.425,1032.462
2942,1,1,17306.671,1031.810
2943,1,1,17315.391,1035.834
2944,1,1,18504.055,1036.843
2945,0,1,20430.320,1028.929
2946,1,1,17369.717,1027.643
2947,1,1,20246.296,1027.569
2948,1,1,19194.664,1032.351
2949,1,1,17782.166,1041.108
2950,1,0,19699.193,1135.852
2951,1,1,17864.173,1032.474
2952,1,1,20302.622,1029.126
2953,1,1,20121.704,1033.434
2954,1,1,18191.459,1034.369
2955,1,1,18050.529,1023.459
2956,1,1,18319.656,1038.701
2957,1,1,20240.265,1029.335
2958,1,1,18533.969,1027.692
2959,1,1,17146.880,1029.951
2960,1,1,18804.086,1025.403
2961,1,1,17386.129,1038.523
2962,1,1,17336.270,1038.098
2963,1,1,17246.947,1029.188
2964,1,1,17296.332,1037.926
2965,1,1,17402.966,1033.545
2966,1,1,20138.861,1029.619
2967,1,1,17411.163,1038.781
2968,1,1,17286.505,1037.280
2969,1,1,20049.527,1026.935
2970,1,1,20271.120,1039.489
2971,1,0,20531.175,1032.788
2972,1,1,20223.871,1035.421
2973,0,0,20437.354,1037.138
2974,1,1,19223.022,1039.181
2975,1,1,19936.332,1034.462
2976,1,1,17148.172,1029.957
2977,1,1,15939.065,1031.157
2978,1,1,18134.917,1037.821
2979,1,1,19803.649,1036.824
2980,1,1,19957.194,1032.640
2981,0,0,20499.502,1029.624
2982,1,0,20184.628,1032.431
2983,1,1,20138.221,1034.474
2984,1,1,17222.413,1037.335
2985,1,1,17917.993,1036.856
2986,1,1,16033.194,1038.640
2987,1,1,17303.347,1027.452
2988,1,1,17251.994,1030.560
2989,1,1,17339.096,1029.496
2990,0,0,20064.935,1029.778
2991,1,1,20261.447,1038.449
2992,1,1,19527.316,1038.264
2993,1,1,17867.606,1034.350
2994,1,1,20313.003,1029.391
2995,1,1,20199.415,1035.058
2996,1,1,17337.286,1029.674
2997,1,0,20430.763,1036.585
2998,0,0,20041.188,1039.342
2999,0,0,20200.296,1029.471
3000,1,1,20183.483,1036.572
3001,1,1,18793.895,1029.870
3002,0,0,20388.763,1030.480
3003,0,0,20095.095,1028.431
3004,1,1,18316.690,1031.507
3005,1,1,17393.613,1028.314
3006,1,1,18060.000,1034.837
3007,1,1,18381.224,1031.717
3008,1,1,20192.972,1028.985
3009,1,1,20117.760,1034.184
3010,0,0,19966.000,1033.182
3011,1,1,20228.935,1032.363
3012,0,0,20250.855,1026.443
3013,1,1,19849.237,1031.114
3014,1,1,19045.058,1029.200
3015,1,1,17857.987,1033.969
3016,1,1,18630.757,1033.822
3017,1,1,17821.169,1033.188
3018,1,1,17701.378,1030.253
3019,1,1,20060.006,1036.049
3020,0,0,18999.354,1030.633
3021,0,0,20136.948,1029.827
3022,0,0,20169.514,1031.046
3023,1,1,18546.634,1031.828
3024,1,1,18001.717,1027.840
3025,1,1,19988.000,1038.271
3026,1,1,17295.237,1030.504
3027,1,1,17850.511,1055.550
3028,1,1,17132.794,1030.941
3029,1,1,20054.954,1029.699
3030,1,1,20134.000,1035.803
3031,1,1,18101.434,1035.108
3032,0,0,20075.010,1030.024
3033,1,1,17404.197,1032.468
3034,1,1,18394.474,1033.889
3035,1,1,18278.794,1027.176
3036,1,1,17277.243,1029.692
3037,1,1,17350.701,1032.621
3038,1,1,17314.720,1033.182
3039,1,1,19826.825,1032.671
3040,1,1,17880.689,1026.856
3041,1,1,16802.363,1029.753
3042,1,1,18034.252,1027.545
3043,1,1,17797.169,1034.000
3044,1,1,17341.625,1031.717
3045,1,0,20138.892,1033.495
3046,1,1,20131.803,1033.489
3047,0,1,20251.662,1024.086
3048,0,0,20357.465,1031.705
3049,0,0,20486.135,1030.314
3050,1,1,17244.547,1034.701
3051,1,1,17864.807,1029.360
3052,1,1,17325.766,1026.167
3053,1,1,18089.231,1028.344
3054,1,1,18444.499,1153.169
3055,1,1,19426.616,1035.846
3056,0,0,20578.074,1035.699
3057,0,0,20423.711,1034.055
3058,1,1,17784.449,1030.388
3059,1,1,17265.360,1029.194
3060,1,1,17326.634,1029.102
3061,1,1,17838.375,1030.406
3062,1,1,20179.268,1027.945
3063,1,1,18293.280,1034.314
3064,1,1,17316.984,1033.495
3065,1,1,18174.720,1031.403
3066,1,1,17362.776,1031.329
3067,0,0,20370.130,1030.554
3068,1,1,20079.139,1029.249
3069,1,1,17013.021,1033.157
3070,1,0,20365.840,1027.102
3071,1,1,20087.071,1032.461
3072,1,1,19380.659,1033.310
3073,1,1,17142.652,1028.960
3074,0,0,19936.141,1031.028
3075,1,1,18104.695,1036.327
3076,1,1,17398.517,1033.182
3077,1,1,18584.154,1032.807
3078,1,1,18080.855,1118.289
3079,1,1,17614.412,1027.643
3080,1,1,20218.172,1030.264
3081,0,0,20369.144,1033.083
3082,1,1,20201.021,1034.425
3083,0,0,20520.012,1037.144
3084,1,1,20097.957,1030.012
3085,1,1,17263.440,1028.837
3086,1,1,18113.458,1030.560
3087,1,1,19916.320,1033.939
3088,1,1,17284.954,1032.739
3089,1,1,20236.160,1029.864
3090,0,0,20532.640,1025.120
3091,0,0,20400.031,1030.615
3092,1,1,18298.363,1033.551
3093,1,1,21771.951,1060.412
3094,1,1,22316.130,1035.373
3095,1,1,18222.499,1033.871
3096,1,1,18528.726,1048.369
3097,1,1,19117.471,1052.819
3098,1,1,17719.465,1056.776
3099,1,1,20133.704,1043.563
3100,1,1,18051.483,1034.948
3101,1,1,18264.831,1035.877
3102,1,1,17908.056,1058.892
3103,1,1,22753.747,1072.320
3104,1,1,19887.723,1057.323
3105,1,1,19914.394,1028.855
3106,1,1,20273.065,1031.920
3107,1,1,17879.378,1029.797
3108,1,1,20189.465,1031.299
3109,0,0,20518.449,1027.883
3110,1,1,17430.006,1030.923
3111,0,0,20463.391,1040.117
3112,1,1,18439.181,1029.102
3113,1,1,17885.920,1028.252
3114,1,1,17267.748,1031.951
3115,1,1,19959.206,1031.981
3116,0,0,20584.930,1034.104
3117,1,1,20139.600,1035.268
3118,1,1,18417.292,1032.117
3119,1,1,17366.591,1029.385
3120,1,1,17817.630,1036.474
3121,1,1,17299.077,1034.062
3122,1,1,17215.452,1026.240
3123,1,1,20295.741,1028.499
3124,1,1,17426.781,1032.363
3125,1,1,16039.046,1031.539
3126,1,1,17272.954,1026.664
3127,1,1,20239.619,1030.443
3128,1,1,17343.274,1032.142
3129,1,1,17203.969,1031.791
3130,1,1,19985.735,1027.994
3131,1,1,18067.655,1030.904
3132,1,1,20176.043,1026.868
3133,1,1,17834.456,1028.683
3134,1,1,20197.003,1039.650
3135,1,1,17179.895,1031.188
3136,1,1,17841.778,1029.360
3137,1,1,20133.785,1029.200
3138,1,1,20100.566,1031.754
3139,1,1,18391.557,1031.249
3140,0,1,20348.597,1026.370
3141,1,1,17452.338,1031.625
3142,0,0,20330.929,1031.747
3143,1,1,17369.489,1030.111
3144,1,1,15879.034,1031.144
3145,1,1,17250.978,1025.003
3146,1,1,20292.480,1029.667
3147,1,0,20289.964,1027.360
3148,1,1,17862.953,1031.951
3149,1,1,19526.289,1034.597
3150,1,1,17323.944,1030.449
3151,1,1,19797.643,1028.616
3152,1,1,17775.292,1028.990
3153,1,1,17285.305,1032.905
3154,1,1,19761.434,1031.612
3155,1,1,18876.345,1029.156
3156,1,1,20177.939,1029.151
3157,1,1,17440.357,1036.856
3158,1,1,18133.292,1033.120
3159,1,1,18196.050,1031.889
3160,1,1,20199.489,1030.313
3161,1,1,20233.477,1033.828
3162,1,1,15909.999,1034.067
3163,1,1,17400.086,1034.616
3164,0,0,20165.003,1029.594
3165,0,0,19975.920,1031.459
3166,0,0,20329.144,1030.511
3167,0,0,20307.102,1031.243
3168,1,1,20134.505,1034.221
3169,1,1,18407.040,1036.007
3170,0,0,20570.917,1030.351
3171,1,1,20066.763,1032.744
3172,1,1,17169.213,1034.480
3173,1,1,17812.418,1031.348
3174,1,1,16211.206,1033.213
3175,0,0,20358.105,1032.025
3176,1,1,18416.904,1038.424
3177,1,1,20158.861,1030.147
3178,1,1,18328.148,1026.523
3179,0,0,19915.570,1029.939
3180,1,1,18152.104,1032.867
3181,1,1,19970.197,1032.130
3182,1,1,17272.104,1028.387
3183,1,1,20130.166,1029.102
3184,1,1,17403.927,1030.135
3185,1,1,19935.434,1030.917
3186,1,1,17392.960,1036.172
3187,0,0,20480.116,1033.120
3188,1,1,20092.960,1032.277
3189,0,0,20302.283,1032.511
3190,1,1,17376.985,1033.680
3191,1,1,20194.769,1039.871
3192,0,0,20421.649,1032.972
3193,0,0,20289.366,1121.791
3194,1,1,19555.274,1033.434
3195,0,0,20422.923,1046.677
3196,1,1,17118.492,1031.502
3197,1,1,17600.837,1032.000
3198,1,1,20200.289,1034.929
3199,1,1,20183.299,1029.729
3200,1,1,18098.997,1032.314
3201,0,0,20498.708,1031.089
3202,1,1,17837.526,1025.108
3203,1,1,20221.440,1029.544
3204,1,1,18340.179,1032.277
3205,1,1,18302.381,1042.659
3206,0,0,20009.028,1030.843
3207,1,1,20131.323,1030.056
3208,1,1,17220.874,1030.800
3209,1,1,18001.717,1029.865
3210,1,1,17328.997,1032.271
3211,1,1,20264.210,1033.409
3212,1,0,20386.511,1034.252
3213,1,1,17417.606,1036.726
3214,1,1,19822.991,1034.228
3215,1,1,20151.913,1037.871
3216,1,1,17315.944,1032.794
3217,1,0,19452.560,1028.659
3218,1,1,18336.530,1030.381
3219,1,1,20390.117,1031.649
3220,1,1,18423.034,1030.210
3221,1,1,17393.336,1033.883
3222,0,0,19916.271,1029.853
3223,1,1,20337.649,1030.578
3224,1,0,20120.418,1031.150
3225,1,1,17192.535,1027.760
3226,1,0,19470.929,1036.215
3227,1,1,17208.363,1032.234
3228,1,1,18391.188,1032.314
3229,0,0,20302.209,1033.827
3230,1,1,18367.120,1031.415
3231,1,1,19027.717,1031.015
3232,1,1,20268.314,1026.843
3233,1,1,16098.234,1029.194
3234,1,0,19323.280,1032.794
3235,1,1,17144.953,1029.698
3236,0,0,20320.997,1036.289
3237,1,1,17877.193,1029.416
3238,1,1,20202.246,1031.132
3239,1,1,19532.578,1034.431
3240,1,1,18288.727,1034.947
3241,0,0,20591.298,1032.086
3242,1,1,18098.191,1027.680
3243,1,1,18226.794,1041.108
3244,0,1,17463.477,1030.216
3245,1,1,15959.397,1031.132
3246,1,0,20206.406,1036.609
3247,1,1,20367.582,1032.437
3248,1,1,17487.126,1034.467
3249,0,0,20445.637,1028.142
3250,1,1,19751.477,1028.690
3251,1,1,17396.455,1029.680
3252,1,1,19354.873,1038.197
3253,1,1,17240.203,1032.517
3254,1,1,19148.572,1036.676
3255,1,1,17331.218,1034.289
3256,1,1,18405.052,1031.274
3257,1,1,20055.544,1032.567
3258,1,1,18273.680,1031.840
3259,0,0,20454.105,1037.268
3260,1,1,17268.806,1037.612
3261,1,0,20088.604,1030.923
3262,1,1,17311.926,1030.966
3263,1,1,17303.785,1034.092
3264,1,1,20111.643,1028.615
3265,1,1,17311.163,1033.391
3266,0,0,20584.000,1053.163
3267,1,1,17997.569,1035.379
3268,1,1,18047.193,1031.447
3269,1,1,17348.283,1026.308
3270,1,1,17326.179,1033.637
3271,1,1,20156.898,1037.538
3272,1,1,20266.375,1036.658
3273,1,0,20370.530,1032.129
3274,1,1,17769.323,1029.864
3275,1,1,18279.668,1027.890
3276,1,1,17403.064,1029.237
3277,1,1,20184.259,1033.693
3278,0,0,20235.077,1035.354
3279,1,1,18346.308,1035.434
3280,1,1,20135.193,1031.016
3281,0,1,19962.345,1029.138
3282,1,1,18172.978,1029.828
3283,1,1,18647.409,1035.280
3284,1,0,19923.015,1035.514
3285,0,0,20429.717,1030.505
3286,1,1,20153.717,1028.468
3287,1,1,20220.541,1031.908
3288,1,1,17427.187,1050.455
3289,1,1,17739.619,1033.821
3290,0,0,20477.175,1036.972
3291,1,1,20232.222,1027.822
3292,1,0,20298.849,1056.147
3293,1,1,20142.301,1034.160
3294,1,0,20180.258,1024.462
3295,1,1,17253.815,1040.800
3296,1,1,20238.394,1034.794
3297,1,1,17899.194,1036.018
3298,1,0,20170.720,1029.993
3299,1,1,18378.880,1028.203
3300,1,1,17381.244,1032.234
3301,1,1,17857.022,1145.384
3302,1,1,20082.154,1032.240
3303,1,1,17188.437,1029.686
3304,1,1,20129.286,1030.627
3305,1,1,18099.637,1031.033
3306,1,1,20182.714,1035.280
3307,1,1,18109.126,1022.726
3308,1,1,20169.126,1035.347
3309,0,0,20332.603,1033.723
3310,1,1,17324.757,1034.720
3311,1,1,20262.191,1030.436
3312,1,1,20181.446,1031.704
3313,1,0,19386.289,1039.982
3314,1,1,18277.342,1038.941
3315,1,1,19991.865,1029.446
3316,0,0,20447.514,1059.950
3317,1,1,20164.431,1033.286
3318,0,0,19952.117,1034.548
3319,1,1,17737.581,1037.883
3320,1,1,17420.910,1039.846
3321,1,1,18357.821,1029.071
3322,0,0,20193.384,1033.951
3323,1,1,17456.092,1029.661
3324,1,0,20662.289,1057.747
3325,1,1,18356.277,1036.308
3326,1,1,17858.197,1040.585
3327,1,0,19291.132,1036.646
3328,1,1,17325.969,1027.218
3329,1,1,18098.776,1031.379
3330,1,1,18022.264,1026.141
3331,1,1,18507.742,1039.852
3332,0,0,20309.581,1033.686
3333,1,1,17184.659,1032.209
3334,0,0,20457.698,1028.363
3335,0,0,19926.880,1031.908
3336,1,1,17342.467,1031.544
3337,1,1,17401.871,1034.240
3338,0,0,20664.941,1042.572
3339,1,1,17742.505,1028.184
3340,1,1,17575.680,1031.908
3341,1,1,17435.680,1036.123
3342,1,1,17898.098,1033.637
3343,1,1,19467.483,1035.957
3344,1,1,18447.329,1039.145
3345,1,1,20185.034,1027.581
3346,1,1,20253.723,1032.689
3347,1,1,17399.132,1032.511
3348,0,0,20391.262,1027.428
3349,1,1,20192.492,1038.837
3350,1,1,18486.381,1031.870
3351,1,1,20420.264,1031.311
3352,1,1,17302.960,1027.877
3353,0,0,20607.704,1029.612
3354,0,0,20195.206,1032.948
3355,1,1,20151.532,1149.951
3356,1,1,20123.348,1038.788
3357,0,0,19623.495,1030.024
3358,1,1,18468.111,1033.132
3359,1,1,17395.372,1027.440
3360,1,1,20910.000,1031.053
3361,0,0,20384.191,1036.301
3362,1,1,18049.809,1037.637
3363,1,1,20131.354,1027.077
3364,1,1,17319.151,1035.034
3365,0,0,20247.575,1026.984
3366,1,1,17319.569,1028.695
3367,1,0,20464.745,1047.421
3368,1,1,19275.710,1034.406
3369,1,1,20980.856,1035.816
3370,1,1,17188.744,1030.418
3371,1,1,20182.173,1036.572
3372,1,1,17320.425,1030.240
3373,1,1,19883.323,1033.403
3374,1,1,18362.818,1033.705
3375,1,1,18320.517,1029.890
3376,1,0,20212.419,1031.286
3377,1,1,17335.194,1039.741
3378,1,1,17149.360,1033.459
3379,1,1,20135.317,1037.858
3380,1,0,20434.720,1038.006
3381,1,1,17387.588,1025.458
3382,1,1,18335.286,1026.536
3383,1,1,20154.850,1028.437
3384,1,0,20223.551,1029.753
3385,1,1,18522.142,1035.582
3386,1,1,20089.791,1038.899
3387,1,1,17352.135,1049.126
3388,1,1,17168.947,1032.437
3389,1,1,17242.622,1033.501
3390,1,1,20191.483,1028.443
3391,1,1,20217.040,1034.757
3392,1,1,19043.754,1038.788
3393,1,1,18486.898,1029.582
3394,1,1,20289.280,1031.649
3395,1,0,20393.052,1028.825
3396,1,1,19893.188,1029.840
3397,1,1,17257.778,1034.880
3398,1,1,20348.105,1039.766
3399,1,1,17158.117,1032.252
3400,1,1,17277.144,1031.871
3401,1,1,18559.230,1033.680
3402,0,0,20415.920,1030.634
3403,1,1,20185.145,1036.812
3404,1,1,20123.803,1041.151
3405,0,0,20596.295,1036.677
3406,1,1,17851.465,1032.690
3407,1,1,17391.046,1029.864
3408,1,1,18245.077,1031.360
3409,1,1,17246.874,1035.477
3410,0,0,20270.622,1032.216
3411,1,1,17814.136,1033.323
3412,1,1,20189.501,1032.031
3413,1,1,17385.354,1027.175
3414,0,0,20488.917,1031.619
3415,1,1,20116.006,1031.858
3416,0,0,20362.320,1035.225
3417,1,1,19213.951,1027.225
3418,1,1,18380.892,1028.400
3419,1,1,18368.960,1035.914
3420,1,1,20045.016,1029.274
3421,1,1,18070.664,1038.751
3422,1,1,20322.541,1036.074
3423,0,1,20235.077,1039.693
3424,1,1,17244.394,1031.169
3425,1,1,17370.296,1031.034
3426,1,1,17374.068,1032.573
3427,0,0,20219.821,1036.302
3428,1,1,19122.701,1035.594
3429,1,1,17172.781,1030.093
3430,1,1,17779.593,1034.671
3431,0,0,20475.373,1029.095
3432,1,1,17296.412,1033.022
3433,1,1,17421.938,1038.000
3434,1,1,18266.277,1026.566
3435,1,1,19154.357,1031.175
3436,1,1,17153.699,1030.671
3437,1,1,20181.409,1030.948
3438,1,1,19491.096,1029.046
3439,1,1,19458.253,1036.062
3440,0,0,20032.984,1038.104
3441,1,1,18095.779,1028.794
3442,1,1,17444.720,1028.209
3443,1,1,20217.317,1034.757
