model_id,accuracy_source,lut_source,dsp_source,bram_source,latency_source,is_latency_pynq_measured,is_lut_vivado_post_impl,risk,notes
Ours-Dense-Q16,PYNQ-Z2 measured,Vivado post-impl,Vivado,Vivado,PYNQ measured,True,True,PASS,
Ours-Mid-Q16,PYNQ-Z2 measured,Vivado post-impl,Vivado,Vivado,PYNQ measured,True,True,PASS,
Ours-Compact-Q16,PYNQ-Z2 measured,Vivado post-impl,Vivado,Vivado,PYNQ measured,True,True,PASS,
Ours-Tiny-Q16,PYNQ-Z2 measured,Vivado post-impl,Vivado,Vivado,PYNQ measured,True,True,WARN,PYNQ CSV/log evidence confirmed; per-sample HW logits not saved — independent recomputation pending
Ours-Dense-Q8,PYNQ-Z2 measured,Vivado post-impl,Vivado,Vivado,PYNQ measured,True,True,PASS,
Sparse S0,SW only,HLS CSYNTH,—,—,HLS estimate,False,False,WARN,Not PYNQ. Figure labels OK
Sparse S10,SW only,HLS CSYNTH,—,—,HLS estimate,False,False,WARN,Not PYNQ. Figure labels OK
Sparse S20,SW only,HLS CSYNTH,—,—,HLS estimate,False,False,WARN,Not PYNQ. Figure labels OK
Sparse S30,SW only,HLS CSYNTH,—,—,HLS estimate,False,False,WARN,Not PYNQ. Figure labels OK
