grp_transformer_for_sample_fu_216.grp_transformer_for_sample_Pipeline_front_linear_i_front_linear_j_fu_1065,front_linear_i_front_linear_j,upc_loop_status1.csv
grp_transformer_for_sample_fu_216.grp_transformer_for_sample_Pipeline_qkv_i_qkv_j_fu_1080,qkv_i_qkv_j,upc_loop_status2.csv
grp_transformer_for_sample_fu_216.grp_transformer_for_sample_Pipeline_transpose_value_i_transpose_value_j_fu_1136,transpose_value_i_transpose_value_j,upc_loop_status3.csv
grp_transformer_for_sample_fu_216.grp_transformer_for_sample_Pipeline_kv_i_kv_j_fu_1142,kv_i_kv_j,upc_loop_status4.csv
grp_transformer_for_sample_fu_216.grp_transformer_for_sample_Pipeline_sum_k_j_fu_1149,sum_k_j,upc_loop_status5.csv
grp_transformer_for_sample_fu_216.grp_transformer_for_sample_Pipeline_normalizer_i_fu_1155,normalizer_i,upc_loop_status6.csv
grp_transformer_for_sample_fu_216.grp_transformer_for_sample_Pipeline_numerator_i_fu_1171,numerator_i,upc_loop_status7.csv
grp_transformer_for_sample_fu_216.grp_transformer_for_sample_Pipeline_o_proj_i_o_proj_j_fu_1244,o_proj_i_o_proj_j,upc_loop_status8.csv
grp_transformer_for_sample_fu_216.grp_transformer_for_sample_Pipeline_ff1_i_ff1_j_fu_1269,ff1_i_ff1_j,upc_loop_status9.csv
grp_transformer_for_sample_fu_216.grp_transformer_for_sample_Pipeline_ff2_i_ff2_j_fu_1293,ff2_i_ff2_j,upc_loop_status10.csv
grp_transformer_for_sample_fu_216.grp_transformer_for_sample_Pipeline_final_i_fu_1334,final_i,upc_loop_status11.csv
