,AESL_inst_transformer,,module_status1.csv
,grp_transformer_for_sample_fu_216,,module_status2.csv
grp_transformer_for_sample_fu_216,grp_transformer_for_sample_Pipeline_1_fu_987,,module_status3.csv
grp_transformer_for_sample_fu_216,grp_transformer_for_sample_Pipeline_2_fu_993,,module_status4.csv
grp_transformer_for_sample_fu_216,grp_transformer_for_sample_Pipeline_3_fu_999,,module_status5.csv
grp_transformer_for_sample_fu_216,grp_transformer_for_sample_Pipeline_4_fu_1005,,module_status6.csv
grp_transformer_for_sample_fu_216,grp_transformer_for_sample_Pipeline_5_fu_1011,,module_status7.csv
grp_transformer_for_sample_fu_216,grp_transformer_for_sample_Pipeline_6_fu_1017,,module_status8.csv
grp_transformer_for_sample_fu_216,grp_transformer_for_sample_Pipeline_7_fu_1023,,module_status9.csv
grp_transformer_for_sample_fu_216,grp_transformer_for_sample_Pipeline_8_fu_1029,,module_status10.csv
grp_transformer_for_sample_fu_216,grp_transformer_for_sample_Pipeline_9_fu_1035,,module_status11.csv
grp_transformer_for_sample_fu_216,grp_transformer_for_sample_Pipeline_10_fu_1041,,module_status12.csv
grp_transformer_for_sample_fu_216,grp_transformer_for_sample_Pipeline_11_fu_1047,,module_status13.csv
grp_transformer_for_sample_fu_216,grp_transformer_for_sample_Pipeline_12_fu_1053,,module_status14.csv
grp_transformer_for_sample_fu_216,grp_transformer_for_sample_Pipeline_13_fu_1059,,module_status15.csv
grp_transformer_for_sample_fu_216,grp_transformer_for_sample_Pipeline_front_linear_i_front_linear_j_fu_1065,,module_status16.csv
grp_transformer_for_sample_fu_216,grp_transformer_for_sample_Pipeline_qkv_i_qkv_j_fu_1080,,module_status17.csv
grp_transformer_for_sample_fu_216,grp_transformer_for_sample_Pipeline_transpose_value_i_transpose_value_j_fu_1136,,module_status18.csv
grp_transformer_for_sample_fu_216,grp_transformer_for_sample_Pipeline_kv_i_kv_j_fu_1142,,module_status19.csv
grp_transformer_for_sample_fu_216,grp_transformer_for_sample_Pipeline_sum_k_j_fu_1149,,module_status20.csv
grp_transformer_for_sample_fu_216,grp_transformer_for_sample_Pipeline_normalizer_i_fu_1155,,module_status21.csv
grp_transformer_for_sample_fu_216,grp_transformer_for_sample_Pipeline_numerator_i_fu_1171,,module_status22.csv
grp_transformer_for_sample_fu_216,grp_transformer_for_sample_Pipeline_o_proj_i_o_proj_j_fu_1244,,module_status23.csv
grp_transformer_for_sample_fu_216,grp_transformer_for_sample_Pipeline_ff1_i_ff1_j_fu_1269,,module_status24.csv
grp_transformer_for_sample_fu_216,grp_transformer_for_sample_Pipeline_ff2_i_ff2_j_fu_1293,,module_status25.csv
grp_transformer_for_sample_fu_216,grp_transformer_for_sample_Pipeline_final_i_fu_1334,,module_status26.csv
