index,label,prediction,model_inference_us,kernel_us
0,0,0,1805.095,929.680
1,1,1,1877.501,1007.286
2,1,1,1568.104,934.535
3,1,0,1491.410,920.424
4,1,1,1479.545,926.006
5,1,1,1629.619,1039.803
6,1,1,1665.219,1061.760
7,1,1,1771.267,1143.963
8,1,1,1685.687,928.622
9,1,1,1513.311,929.650
10,1,1,1500.874,915.305
11,1,1,1521.637,929.969
12,1,1,1709.914,918.350
13,1,1,1537.797,915.526
14,1,1,1502.511,922.400
15,1,1,1767.779,927.729
16,1,1,1845.231,1055.865
17,1,1,1702.474,1082.996
18,1,1,1511.655,917.969
19,1,1,1570.092,957.255
20,1,1,1531.287,926.560
21,1,1,1506.203,915.415
22,1,1,1659.409,921.957
23,1,1,1658.215,926.880
24,1,1,1518.062,920.511
25,1,1,1508.080,914.505
26,1,1,1696.855,926.222
27,0,0,1861.773,1078.572
28,1,1,1658.147,1068.738
29,1,1,1702.560,939.766
30,1,1,1648.179,1053.256
31,1,1,1586.418,983.477
32,1,1,1651.292,927.760
33,1,1,1653.231,921.354
34,0,0,1517.194,916.547
35,1,1,1632.480,919.249
36,0,0,1648.627,925.895
37,1,1,1669.680,915.680
38,1,1,1657.273,918.973
39,1,1,1643.852,919.138
40,0,0,1653.741,923.452
41,1,1,1944.228,1294.375
42,1,1,1454.671,916.646
43,0,0,1488.572,918.252
44,1,1,1461.102,916.566
45,1,1,1429.495,913.040
46,1,1,1418.788,911.292
47,1,1,1418.135,910.055
48,1,1,1422.566,914.825
49,1,1,1419.889,913.083
50,1,1,1436.080,913.490
51,1,1,1425.391,912.646
52,1,1,1419.809,910.972
53,1,1,1417.748,912.941
54,1,1,1412.542,911.360
55,1,1,1416.892,910.745
56,1,1,1417.169,911.028
57,0,0,1437.366,915.982
58,1,1,1640.024,916.917
59,1,1,1533.299,927.397
60,1,1,1507.852,922.406
61,0,0,1506.172,922.185
62,1,1,1463.040,921.551
63,0,0,1494.720,920.314
64,1,1,1462.824,922.295
65,0,0,1435.772,915.741
66,1,1,1431.120,916.332
67,0,0,1419.015,909.520
68,1,1,1419.901,912.363
69,1,1,1423.145,914.690
70,1,1,1449.563,920.376
71,1,1,1435.428,912.720
72,1,1,1425.329,912.899
73,1,0,1428.203,915.741
74,1,1,1416.726,911.039
75,1,1,1416.646,909.409
76,0,0,1415.077,910.985
77,1,1,1438.708,907.699
78,1,1,1437.588,914.104
79,1,1,1426.456,912.135
80,0,0,1419.034,910.812
81,0,0,1422.135,913.293
82,1,1,1415.668,909.360
83,1,1,1417.907,913.298
84,1,1,1465.065,915.188
85,1,1,1449.070,923.637
86,0,1,1425.975,912.720
87,1,1,1421.846,909.828
88,1,0,1419.939,911.459
89,1,1,1418.253,910.295
90,1,1,1416.917,910.104
91,1,0,1437.304,907.176
92,1,1,1430.221,912.147
93,1,1,1422.259,909.133
94,1,1,1419.569,913.372
95,1,1,1418.535,913.803
96,1,1,1420.461,912.480
97,1,1,1416.166,910.252
98,1,1,1484.566,916.093
99,1,1,1427.348,910.000
100,1,1,1419.790,911.612
101,1,1,1417.976,910.437
102,1,1,1418.018,909.096
103,1,1,1419.292,912.733
104,1,0,1418.806,912.264
105,1,1,1468.788,911.348
106,1,0,1424.308,910.480
107,1,0,1418.873,911.576
108,1,1,1418.086,912.283
109,1,1,1414.474,909.625
110,0,0,1418.068,911.950
111,1,1,1455.631,908.775
112,1,1,1431.076,915.796
113,1,1,1420.345,911.015
114,1,1,1423.656,913.711
115,1,1,1414.449,910.203
116,1,1,1417.022,908.517
117,0,0,1414.025,908.154
118,1,1,1471.237,913.533
119,1,1,1432.068,915.785
120,1,1,1427.083,916.024
121,1,1,1424.098,913.034
122,1,1,1419.373,913.421
123,1,1,1413.896,908.351
124,0,0,1416.726,910.591
125,1,1,1429.267,915.422
126,1,1,1424.000,912.572
127,1,1,1422.289,911.729
128,1,1,1412.714,908.664
129,0,1,1420.338,913.982
130,0,0,1413.563,908.031
131,1,1,1422.117,916.499
132,1,1,1463.662,917.754
133,1,1,1442.443,912.055
134,0,0,1419.138,908.763
135,1,1,1424.136,912.733
136,1,1,1417.256,911.539
137,1,1,1419.145,912.049
138,0,0,1419.138,914.000
139,1,1,1446.381,921.489
140,0,0,1436.215,918.843
141,1,1,1418.012,908.387
142,1,1,1417.570,913.299
143,1,1,1425.053,917.661
144,1,1,1415.551,911.483
145,1,1,1424.111,919.963
146,1,1,1433.833,916.991
147,1,1,1429.261,913.471
148,1,1,1417.557,908.720
149,1,1,1419.157,912.203
150,1,1,1414.910,910.086
151,1,1,1417.102,909.569
152,1,1,1426.455,920.480
153,1,1,1442.929,918.775
154,1,1,1425.231,910.166
155,1,1,1419.495,907.200
156,1,1,1416.813,911.735
157,1,1,1411.913,907.391
158,0,0,1415.151,910.874
159,1,1,1417.194,912.012
160,1,1,1428.437,908.474
161,1,0,1428.025,915.815
162,1,1,1423.637,912.123
163,1,1,1415.945,907.889
164,0,0,1419.071,910.560
165,0,0,1415.139,911.649
166,1,1,1417.692,913.440
167,0,0,1461.797,949.526
168,1,1,1424.824,916.523
169,0,0,1411.464,908.203
170,0,1,1419.489,914.880
171,1,1,1506.178,916.702
172,1,1,1473.495,920.868
173,1,1,1490.221,914.621
174,1,1,1449.090,916.967
175,1,1,1430.031,915.243
176,0,0,1422.283,910.473
177,1,1,1425.403,913.760
178,1,1,1416.370,909.692
179,1,1,1421.033,915.052
180,1,1,1492.529,911.680
181,1,1,1432.856,916.301
182,1,1,1422.665,911.127
183,1,1,1422.148,914.720
184,1,1,1415.650,909.594
185,1,1,1417.982,910.295
186,1,1,1414.030,908.843
187,0,1,1463.933,918.431
188,1,1,1441.649,912.092
189,1,1,1431.902,916.302
190,0,0,1422.074,912.117
191,1,1,1414.548,909.421
192,1,1,1415.624,909.753
193,1,1,1416.498,908.910
194,1,1,1437.323,919.298
195,1,1,1426.745,910.553
196,0,0,1421.600,913.095
197,1,1,1417.470,912.936
198,1,1,1416.585,911.477
199,1,1,1416.326,911.883
200,0,0,1409.027,905.661
201,1,1,1448.800,910.936
202,1,1,1447.464,915.410
203,1,1,1429.944,913.415
204,1,1,1421.496,911.003
205,1,1,1419.274,913.188
206,1,1,1420.560,912.369
207,1,1,1415.593,909.489
208,1,1,1434.806,915.717
209,0,0,1425.114,913.723
210,1,1,1424.966,917.065
211,1,1,1422.062,913.182
212,1,1,1418.978,912.234
213,0,0,1417.059,912.794
214,1,1,1419.975,913.329
215,0,0,1430.160,914.178
216,1,1,1419.939,908.960
217,1,1,1421.305,913.588
218,0,0,1416.960,908.043
219,1,1,1418.418,911.508
220,1,1,1421.471,914.751
221,1,1,1418.277,914.425
222,1,1,1433.385,909.416
223,1,1,1433.901,916.160
224,0,0,1426.234,916.357
225,1,1,1420.498,909.668
226,0,0,1419.095,913.268
227,1,1,1419.803,916.283
228,1,1,1420.886,914.093
229,1,1,1573.329,934.769
230,1,1,1459.151,923.126
231,1,1,1435.698,911.249
232,1,1,1419.366,910.671
233,1,1,1415.957,908.474
234,1,0,1419.803,913.988
235,1,1,1474.511,913.200
236,1,1,1436.548,915.065
237,1,1,1419.366,909.938
238,1,1,1420.597,914.327
239,1,1,1411.556,909.649
240,1,1,1414.357,912.659
241,1,1,1412.603,909.736
242,1,1,1473.501,957.551
243,1,1,1424.210,911.114
244,1,1,1418.111,907.360
245,1,1,1419.015,913.791
246,1,1,1414.997,905.613
247,0,0,1409.772,909.150
248,1,1,1415.483,912.024
249,1,1,1434.997,918.086
250,1,1,1424.948,914.153
251,1,1,1424.074,912.966
252,1,1,1419.360,912.437
253,1,1,1418.363,910.941
254,1,1,1418.947,910.424
255,1,1,1419.520,912.147
256,1,1,1430.622,908.708
257,1,1,1435.108,915.908
258,1,1,1424.006,913.428
259,0,0,1414.622,909.686
260,0,0,1415.175,913.138
261,1,1,1414.326,909.594
262,1,1,1411.951,909.360
263,1,1,1438.467,913.015
264,1,1,1426.677,910.707
265,1,1,1429.730,917.237
266,1,1,1418.978,911.507
267,1,1,1417.902,910.653
268,1,1,1421.662,913.625
269,1,1,1417.465,914.333
270,1,1,1428.781,913.089
271,1,1,1422.997,912.240
272,1,1,1421.415,911.200
273,1,1,1416.136,911.268
274,1,1,1414.806,908.701
275,0,0,1415.810,913.471
276,1,1,1410.216,908.738
277,1,1,1428.948,912.954
278,0,0,1424.984,912.843
279,1,1,1416.733,910.067
280,1,0,1414.381,911.668
281,1,1,1419.391,911.569
282,1,1,1417.858,914.579
283,1,1,1418.234,910.665
284,1,1,1433.262,914.049
285,1,1,1426.855,916.689
286,1,1,1419.975,912.498
287,1,1,1416.209,908.898
288,0,0,1415.372,910.769
289,1,1,1419.920,913.864
290,1,1,1416.659,908.849
291,1,1,1479.883,957.015
292,1,1,1424.775,911.680
293,1,1,1424.406,913.053
294,1,1,1415.606,910.664
295,1,1,1414.467,909.870
296,1,1,1411.859,908.536
297,1,1,1421.391,910.708
298,1,1,1484.425,919.433
299,0,0,1422.067,910.167
300,1,1,1423.988,916.216
301,1,1,1420.283,913.687
302,1,1,1412.068,908.443
303,1,1,1417.748,910.825
304,1,1,1474.985,912.634
305,1,1,1439.600,917.766
306,1,1,1419.003,910.148
307,1,1,1420.831,911.378
308,1,1,1418.560,915.139
309,1,1,1419.053,910.123
310,1,0,1417.489,914.067
311,1,1,1471.465,911.384
312,1,1,1427.975,914.874
313,1,1,1414.867,909.913
314,1,1,1417.144,909.557
315,1,1,1419.951,913.385
316,1,1,1412.037,908.751
317,1,0,1423.047,917.101
318,1,1,1433.784,915.046
319,0,0,1422.357,910.468
320,1,1,1419.360,909.194
321,1,1,1419.390,912.972
322,1,1,1416.689,909.810
323,1,1,1412.339,906.647
324,1,1,1416.670,913.957
325,1,1,1438.104,919.809
326,1,1,1423.790,911.680
327,1,1,1418.123,911.384
328,1,1,1421.982,914.867
329,1,1,1418.942,913.711
330,1,1,1415.224,908.954
331,1,1,1413.003,909.662
332,1,1,1430.954,915.329
333,0,0,1420.499,909.230
334,1,1,1418.173,910.788
335,1,1,1412.006,908.787
336,1,1,1420.203,914.695
337,0,1,1418.154,912.332
338,1,1,1413.311,910.006
339,1,1,1423.471,909.858
340,1,1,1416.769,908.529
341,1,1,1412.720,905.249
342,1,1,1416.720,911.040
343,1,1,1417.292,911.533
344,1,1,1414.375,909.163
345,1,1,1418.320,911.834
346,1,1,1438.474,916.732
347,1,1,1428.560,912.609
348,1,1,1424.997,915.544
349,1,1,1413.828,907.360
350,1,1,1413.458,907.120
351,1,0,1420.338,912.172
352,1,1,1416.658,912.874
353,1,1,1431.071,914.160
354,1,1,1424.455,912.764
355,0,0,1417.736,910.745
356,1,1,1417.570,910.831
357,1,1,1419.588,913.680
358,1,1,1424.831,915.969
359,1,1,1413.046,909.810
360,1,1,1431.970,914.560
361,1,1,1425.785,912.492
362,1,1,1418.831,913.200
363,1,1,1415.188,911.138
364,0,0,1422.480,912.210
365,1,1,1421.840,916.430
366,1,1,1412.209,907.433
367,1,1,1481.065,914.745
368,1,1,1423.034,910.043
369,1,1,1417.403,909.089
370,1,1,1415.550,911.643
371,1,1,1413.784,910.357
372,1,1,1420.948,913.385
373,1,1,1417.618,909.520
374,1,1,1435.772,912.197
375,1,1,1424.800,912.449
376,1,1,1417.360,912.258
377,1,1,1418.707,911.415
378,1,1,1419.779,914.350
379,1,1,1413.748,907.317
380,1,1,1455.551,906.197
381,0,0,1427.391,913.422
382,1,1,1418.904,911.994
383,1,1,1419.914,910.148
384,1,1,1418.394,915.607
385,0,0,1416.061,909.994
386,1,1,1412.216,909.182
387,1,1,1481.071,910.073
388,1,1,1429.686,915.440
389,1,1,1417.569,909.009
390,1,1,1420.147,911.852
391,1,1,1416.104,908.720
392,1,0,1417.409,910.689
393,1,1,1415.828,910.979
394,1,1,1437.527,919.514
395,1,1,1421.846,911.323
396,1,1,1414.351,909.267
397,1,1,1414.659,907.699
398,1,1,1419.545,911.348
399,1,1,1413.871,908.431
400,1,1,1415.988,910.326
401,1,1,1427.200,913.169
402,1,1,1432.012,917.927
403,1,1,1420.788,910.473
404,1,1,1420.547,910.056
405,1,0,1420.073,913.090
406,1,1,1418.283,913.188
407,1,1,1414.043,909.883
408,1,1,1422.142,910.080
409,1,1,1423.514,914.455
410,1,1,1420.400,914.849
411,1,1,1415.120,908.012
412,1,0,1417.366,914.653
413,0,0,1415.372,909.040
414,1,1,1422.621,915.317
415,1,1,1431.686,913.963
416,1,1,1421.090,908.474
417,1,1,1423.016,912.505
418,0,0,1413.114,910.535
419,1,1,1416.301,910.222
420,0,0,1414.708,910.259
421,1,0,1417.440,910.979
422,1,1,1429.846,910.664
423,1,1,1431.237,915.323
424,0,0,1416.474,910.209
425,1,1,1416.867,912.357
426,1,1,1419.360,915.853
427,1,1,1415.520,910.136
428,1,1,1414.104,912.271
429,1,0,1433.668,912.996
430,1,1,1428.813,910.271
431,1,1,1419.852,913.040
432,1,1,1417.477,911.434
433,1,1,1420.037,912.480
434,1,1,1422.966,917.108
435,1,1,1424.714,915.219
436,0,0,1428.904,912.744
437,1,1,1426.849,915.274
438,0,0,1420.326,910.966
439,1,1,1417.477,909.717
440,1,1,1415.957,911.496
441,1,0,1421.243,913.643
442,1,1,1420.812,916.782
443,1,1,1472.092,918.443
444,1,1,1420.892,909.366
445,1,1,1423.637,914.468
446,0,0,1415.803,911.920
447,1,1,1417.385,911.821
448,1,1,1414.061,907.188
449,0,0,1469.181,908.271
450,1,1,1443.237,915.416
451,1,1,1418.074,907.458
452,1,1,1416.178,909.742
453,1,1,1420.210,911.569
454,0,0,1414.775,908.880
455,1,1,1419.693,916.246
456,1,1,1547.630,910.942
457,1,1,1458.172,920.295
458,1,1,1429.360,911.397
459,0,1,1422.339,912.578
460,1,1,1419.224,913.852
461,1,1,1421.403,911.674
462,0,0,1424.862,915.907
463,1,1,1432.935,915.502
464,1,1,1426.714,914.037
465,1,1,1427.465,918.153
466,1,1,1418.868,912.861
467,1,1,1417.606,912.037
468,1,1,1416.012,911.520
469,1,1,1420.984,910.492
470,1,1,1433.945,913.902
471,1,1,1431.994,915.551
472,1,1,1424.345,913.545
473,1,1,1422.006,910.154
474,0,1,1420.812,913.200
475,1,1,1415.052,910.025
476,0,1,1415.397,912.098
477,1,1,1435.009,917.729
478,0,0,1422.233,909.933
479,1,1,1421.188,914.203
480,1,1,1421.877,913.483
481,1,1,1418.172,912.757
482,1,1,1419.489,912.991
483,1,1,1418.172,911.816
484,1,1,1428.689,912.800
485,1,0,1416.203,907.797
486,1,1,1418.498,914.966
487,1,1,1414.978,907.717
488,1,0,1410.142,907.268
489,1,1,1418.892,913.988
490,1,1,1421.304,916.590
491,1,1,1430.234,913.293
492,0,0,1421.957,911.902
493,1,1,1418.301,913.139
494,0,0,1407.933,906.264
495,1,1,1414.160,909.434
496,1,1,1665.938,935.286
497,1,1,1737.631,934.271
498,1,1,1634.271,924.117
499,1,1,1588.363,927.896
500,1,1,1476.585,918.738
501,1,1,1441.963,916.849
502,1,1,1427.465,913.434
503,1,1,1418.271,909.138
504,1,1,1458.972,908.745
505,1,1,1443.754,918.591
506,1,1,1423.545,911.163
507,0,0,1428.985,921.175
508,1,1,1420.658,908.486
509,1,1,1415.791,909.071
510,1,1,1421.514,911.753
511,1,1,1463.520,919.705
512,1,0,1448.006,916.357
513,1,1,1431.323,913.778
514,1,1,1425.680,915.391
515,1,1,1416.578,907.994
516,1,1,1417.083,910.173
517,0,0,1416.344,911.496
518,1,1,1499.243,921.539
519,1,1,1437.692,914.393
520,1,1,1420.708,911.187
521,1,1,1425.785,914.942
522,1,1,1422.708,912.406
523,1,1,1420.345,911.600
524,1,1,1465.964,910.369
525,1,1,1458.222,918.437
526,1,1,1425.046,910.277
527,1,1,1425.729,914.357
528,1,1,1425.329,914.904
529,1,1,1423.643,914.252
530,1,1,1420.031,913.576
531,1,1,1480.893,912.776
532,1,1,1439.569,915.182
533,1,1,1428.462,914.609
534,0,0,1421.581,910.966
535,1,1,1417.563,910.437
536,0,0,1415.138,908.043
537,1,1,1418.781,912.240
538,1,1,1445.717,916.634
539,1,1,1429.809,911.182
540,1,1,1425.933,914.874
541,1,1,1419.028,908.461
542,0,0,1415.372,911.932
543,1,1,1415.926,912.117
544,1,0,1418.603,910.049
545,0,0,1434.099,914.763
546,1,1,1418.973,907.483
547,0,0,1417.656,912.031
548,1,1,1420.695,911.262
549,1,1,1414.806,908.837
550,0,0,1414.523,913.588
551,0,0,1415.114,909.865
552,1,1,1433.126,915.040
553,1,1,1426.942,908.812
554,1,1,1422.609,909.433
555,1,1,1417.280,909.514
556,0,0,1421.785,912.061
557,0,1,1420.473,910.430
558,1,1,1417.939,912.326
559,1,1,1469.133,921.643
560,1,1,1449.090,919.262
561,1,1,1428.240,911.957
562,1,1,1422.856,912.419
563,1,1,1417.003,908.185
564,1,1,1419.280,911.760
565,1,1,1411.994,905.760
566,1,1,1437.951,917.981
567,0,0,1427.643,914.634
568,1,1,1419.533,912.517
569,0,0,1420.110,910.516
570,1,1,1417.581,914.111
571,0,0,1419.612,914.222
572,1,1,1413.544,908.412
573,0,0,1438.036,912.529
574,0,1,1431.699,911.970
575,1,1,1419.803,909.828
576,1,1,1421.945,914.554
577,1,1,1418.812,912.363
578,0,0,1426.326,916.843
579,1,1,1423.009,913.624
580,0,0,1473.803,913.102
581,1,1,1420.714,911.993
582,1,1,1425.452,915.268
583,1,1,1420.480,911.607
584,1,1,1413.840,907.354
585,1,1,1417.846,912.566
586,0,0,1457.760,913.059
587,1,1,1431.981,912.136
588,1,1,1418.560,909.305
589,1,1,1421.754,911.926
590,1,1,1417.286,909.508
591,1,1,1414.898,905.945
592,0,1,1413.299,909.410
593,1,1,1476.173,912.252
594,1,1,1435.606,915.422
595,1,1,1423.957,912.314
596,1,1,1423.089,914.320
597,0,0,1426.357,916.270
598,1,1,1417.656,909.594
599,1,1,1419.840,911.520
600,1,1,1442.738,924.745
601,1,1,1425.957,912.910
602,1,1,1421.446,912.757
603,1,1,1414.449,908.757
604,1,1,1411.994,908.289
605,1,1,1419.600,912.597
606,1,1,1417.625,910.628
607,1,1,1434.652,915.194
608,0,0,1426.480,910.923
609,1,1,1423.969,913.704
610,1,0,1417.668,907.994
611,1,1,1422.012,915.157
612,1,1,1415.705,908.689
613,1,1,1416.376,907.194
614,1,1,1493.194,909.010
615,0,0,1464.536,917.673
616,1,1,1444.554,919.612
617,1,1,1425.434,909.687
618,1,1,1426.831,913.705
619,1,1,1416.068,910.997
620,0,0,1417.465,911.913
621,1,1,1431.163,908.493
622,1,1,1432.856,916.468
623,1,1,1421.077,911.766
624,1,1,1423.212,914.480
625,1,1,1415.071,908.936
626,1,1,1417.674,911.477
627,1,0,1423.791,921.348
628,1,1,1432.910,915.096
629,1,1,1426.628,911.803
630,0,0,1424.111,912.511
631,1,1,1418.825,914.148
632,1,1,1415.643,908.862
633,0,0,1419.933,909.606
634,0,1,1416.215,910.357
635,1,1,1445.982,921.840
636,1,1,1428.898,911.618
637,1,1,1420.941,910.732
638,0,0,1416.634,908.431
639,1,1,1417.698,910.425
640,1,1,1417.114,915.353
641,1,1,1411.779,909.692
642,1,1,1497.293,916.338
643,1,1,1433.624,916.621
644,1,1,1423.600,913.507
645,1,1,1423.372,913.520
646,1,1,1425.692,916.880
647,1,1,1415.883,910.511
648,1,1,1465.883,913.028
649,1,1,1432.511,912.098
650,0,0,1420.425,912.129
651,1,1,1421.169,913.748
652,1,1,1414.523,909.218
653,0,0,1415.329,909.311
654,1,1,1416.690,913.969
655,0,0,1466.510,911.280
656,1,1,1424.936,911.828
657,1,1,1422.382,912.320
658,1,1,1416.492,909.206
659,1,1,1416.314,909.243
660,1,1,1412.536,909.065
661,1,1,1419.527,911.317
662,1,1,1424.006,910.363
663,0,1,1426.836,912.837
664,1,1,1418.498,913.188
665,1,1,1423.822,914.985
666,1,1,1416.431,911.865
667,0,0,1419.391,914.043
668,1,1,1415.366,910.246
669,1,1,1485.446,914.443
670,1,1,1459.317,919.803
671,1,1,1435.434,916.264
672,1,1,1421.052,908.123
673,1,0,1423.206,914.154
674,0,0,1417.034,909.563
675,1,1,1417.083,911.452
676,0,0,1432.056,908.080
677,1,1,1434.855,916.960
678,0,0,1419.477,910.474
679,1,1,1430.830,921.422
680,1,0,1415.859,908.019
681,1,1,1414.154,910.911
682,1,1,1419.711,912.424
683,1,1,1434.117,915.828
684,1,1,1422.400,909.354
685,1,1,1419.748,911.224
686,1,1,1424.997,916.302
687,1,1,1503.563,919.945
688,1,1,1466.923,917.736
689,1,1,1431.711,911.421
690,1,1,1440.911,915.347
691,1,1,1435.366,910.302
692,1,1,1421.649,910.701
693,1,1,1422.037,912.954
694,1,1,1418.130,914.707
695,0,0,1416.978,913.582
696,1,1,1421.545,913.840
697,1,1,1472.493,916.098
698,0,0,1423.828,910.855
699,1,1,1421.489,910.394
700,1,1,1420.302,911.077
701,1,1,1415.330,908.111
702,1,1,1421.434,917.354
703,1,1,1469.834,911.557
704,1,1,1443.490,914.763
705,1,0,1426.412,913.600
706,1,0,1420.757,912.726
707,0,1,1419.810,911.883
708,1,1,1416.424,911.477
709,1,0,1418.566,911.840
710,1,1,1475.926,910.068
711,1,1,1430.548,913.803
712,1,1,1425.243,911.760
713,1,1,1424.486,914.670
714,1,1,1422.339,913.459
715,1,1,1415.539,909.846
716,1,1,1422.221,914.677
717,1,0,1439.963,917.304
718,1,1,1432.154,911.132
719,1,1,1427.347,915.827
720,1,1,1420.930,914.363
721,1,1,1422.412,915.176
722,0,0,1414.892,908.609
723,1,1,1411.908,906.387
724,1,1,1469.126,913.693
725,1,1,1448.837,918.284
726,1,1,1431.175,914.382
727,1,1,1422.757,914.714
728,1,1,1416.148,908.535
729,1,0,1416.702,907.834
730,1,1,1423.698,915.606
731,1,1,1434.609,917.687
732,1,1,1426.259,914.074
733,1,1,1416.548,906.929
734,1,1,1421.181,913.853
735,1,0,1417.428,912.584
736,1,1,1418.978,913.864
737,1,1,1418.843,911.256
738,1,1,1433.360,907.637
739,1,1,1432.148,912.843
740,1,1,1417.052,910.216
741,1,1,1424.345,913.293
742,1,1,1420.529,914.819
743,1,1,1421.218,912.578
744,1,1,1416.314,912.234
745,1,1,1431.686,914.326
746,1,1,1431.859,920.135
747,1,1,1422.043,915.711
748,1,1,1421.446,912.812
749,0,0,1422.572,914.929
750,1,1,1415.262,910.973
751,1,1,1415.200,910.073
752,0,1,1463.742,949.397
753,1,0,1426.911,913.723
754,1,1,1424.659,914.024
755,0,0,1417.791,911.096
756,1,1,1413.126,908.283
757,1,1,1420.560,911.428
758,1,1,1414.314,909.255
759,1,1,1491.545,915.594
760,1,1,1424.770,911.557
761,1,1,1420.006,908.394
762,1,1,1423.772,915.477
763,1,1,1418.467,913.200
764,1,1,1417.649,912.320
765,1,1,1461.132,913.760
766,1,1,1430.690,910.289
767,1,1,1425.791,914.646
768,1,1,1420.738,912.794
769,0,0,1415.944,913.114
770,1,1,1413.902,909.231
771,1,1,1419.114,912.154
772,1,1,1475.089,914.228
773,1,0,1428.634,913.994
774,1,0,1423.182,912.197
775,1,1,1422.172,915.311
776,1,1,1416.216,908.664
777,1,1,1413.366,908.616
778,0,0,1413.046,909.711
779,0,0,1440.701,921.877
780,1,1,1431.643,913.391
781,1,1,1417.132,909.416
782,1,1,1418.517,910.301
783,1,1,1418.197,912.911
784,1,1,1413.588,909.754
785,1,1,1417.797,908.474
786,0,0,1428.320,913.723
787,0,0,1424.099,911.145
788,1,0,1420.302,912.172
789,1,1,1416.492,910.062
790,0,1,1418.068,910.370
791,1,1,1411.606,906.406
792,1,1,1415.913,910.782
793,1,1,1425.779,911.471
794,1,1,1423.655,914.972
795,0,0,1413.539,909.526
796,1,1,1425.305,915.649
797,1,1,1420.967,910.160
798,1,1,1415.225,907.963
799,1,1,1416.290,910.911
800,0,0,1437.883,917.138
801,0,0,1423.360,910.227
802,1,1,1422.751,915.274
803,1,1,1420.541,911.126
804,0,0,1419.353,911.705
805,1,1,1425.255,915.883
806,1,1,1418.394,917.077
807,0,0,1439.576,917.188
808,1,1,1428.751,914.572
809,0,0,1420.973,910.948
810,1,1,1416.449,911.704
811,1,1,1415.908,909.348
812,1,1,1421.243,913.717
813,1,1,1415.944,910.997
814,1,1,1433.336,914.708
815,1,1,1429.280,916.327
816,1,1,1418.258,911.255
817,1,1,1417.378,915.588
818,1,1,1418.751,913.815
819,1,1,1417.871,912.911
820,1,1,1417.058,912.117
821,1,1,1436.326,921.821
822,1,1,1423.883,911.003
823,0,0,1422.936,912.080
824,1,1,1413.397,910.505
825,1,1,1419.200,912.664
826,1,1,1417.464,910.806
827,1,1,1412.228,908.326
828,1,1,1470.659,913.803
829,1,1,1424.671,911.625
830,1,1,1417.021,910.130
831,1,1,1425.612,914.861
832,1,1,1419.114,911.255
833,1,1,1422.806,915.686
834,1,1,1449.335,910.633
835,1,1,1489.471,923.754
836,1,1,1430.893,911.028
837,1,1,1426.535,913.133
838,1,1,1422.665,914.825
839,1,1,1416.628,908.800
840,1,1,1413.514,910.966
841,1,1,1490.923,912.548
842,1,1,1442.382,919.077
843,1,1,1423.816,912.468
844,1,1,1425.594,911.570
845,1,1,1421.465,912.591
846,1,1,1418.769,912.745
847,1,1,1410.776,907.661
848,1,1,1434.301,912.572
849,0,0,1425.914,912.418
850,1,1,1417.034,912.098
851,1,1,1417.477,911.070
852,1,1,1418.893,912.130
853,1,1,1417.760,910.671
854,1,1,1417.932,910.461
855,1,1,1436.129,914.289
856,1,1,1423.471,915.255
857,1,1,1424.874,914.068
858,1,1,1416.135,908.935
859,0,1,1417.575,910.049
860,0,0,1417.268,913.323
861,0,0,1417.243,911.766
862,1,1,1430.695,914.818
863,1,1,1429.834,916.216
864,1,1,1421.262,913.120
865,1,1,1422.443,911.742
866,1,1,1419.292,912.960
867,1,1,1417.827,911.477
868,1,1,1424.461,913.643
869,1,1,1423.193,909.656
870,1,1,1430.320,916.345
871,1,1,1422.855,912.117
872,1,1,1415.015,907.625
873,1,1,1416.819,911.274
874,1,1,1417.520,912.622
875,1,1,1417.065,911.852
876,0,0,1436.468,919.705
877,1,1,1430.185,913.643
878,1,1,1421.643,913.286
879,0,0,1420.382,912.732
880,1,1,1417.907,908.646
881,1,1,1416.461,910.701
882,1,1,1416.265,909.631
883,0,0,1441.613,916.775
884,1,1,1429.015,911.933
885,1,1,1426.720,914.277
886,1,1,1426.123,919.736
887,1,0,1420.904,913.021
888,1,1,1418.978,912.006
889,1,1,1418.948,911.083
890,1,1,1468.701,912.966
891,0,0,1423.939,912.228
892,1,1,1419.034,909.286
893,1,0,1421.132,915.249
894,1,0,1418.228,907.939
895,1,1,1415.083,909.619
896,1,1,1412.369,906.738
897,1,1,1472.517,914.634
898,0,1,1420.080,912.105
899,1,1,1416.110,909.292
900,1,1,1417.077,909.865
901,1,1,1414.621,909.840
902,1,1,1413.317,910.775
903,1,1,1465.428,914.264
904,1,1,1431.040,913.822
905,1,1,1421.219,911.114
906,1,1,1413.619,909.803
907,0,0,1416.726,911.963
908,0,0,1412.387,906.234
909,1,1,1414.548,911.022
910,1,1,1462.960,914.111
911,1,1,1426.671,911.809
912,1,1,1419.908,913.729
913,1,1,1417.576,911.637
914,1,0,1420.548,915.292
915,1,1,1419.096,915.206
916,1,1,1417.144,908.246
917,1,1,1438.031,918.381
918,1,1,1427.939,917.077
919,1,1,1420.677,909.403
920,1,0,1415.625,910.597
921,1,1,1419.544,912.413
922,1,1,1414.431,906.942
923,1,1,1415.662,910.572
924,1,1,1429.927,912.609
925,1,1,1431.459,917.920
926,1,1,1422.714,914.068
927,1,1,1411.779,906.523
928,1,1,1412.493,906.541
929,1,1,1415.329,911.938
930,1,1,1425.409,921.606
931,1,1,1433.107,914.400
932,1,1,1426.818,911.736
933,1,1,1422.733,914.492
934,1,1,1417.704,911.477
935,1,0,1421.908,914.092
936,0,0,1418.720,910.185
937,1,1,1416.025,910.868
938,1,1,1428.868,911.532
939,1,1,1429.440,915.582
940,1,1,1420.849,911.748
941,1,1,1413.582,906.917
942,1,1,1417.668,910.012
943,1,1,1412.948,908.849
944,1,1,1420.584,913.052
945,1,1,1424.222,907.311
946,1,1,1430.265,919.945
947,1,1,1413.139,909.127
948,0,0,1415.760,910.400
949,1,1,1418.474,910.240
950,1,1,1414.781,910.468
951,1,1,1413.384,910.388
952,1,1,1427.170,911.101
953,1,1,1427.421,914.185
954,1,1,1420.209,912.338
955,1,1,1417.766,909.120
956,1,1,1419.698,912.283
957,1,1,1419.403,915.218
958,1,1,1421.046,913.853
959,1,1,1436.560,921.551
960,1,1,1427.243,915.767
961,1,1,1417.618,909.348
962,0,1,1422.406,915.089
963,1,1,1418.819,911.416
964,1,1,1418.203,913.440
965,1,1,1413.729,908.695
966,1,1,1492.019,919.434
967,1,1,1426.929,910.184
968,1,1,1424.511,914.080
969,1,1,1417.292,907.588
970,0,0,1419.501,913.674
971,1,1,1418.295,908.455
972,0,0,1457.102,911.256
973,1,1,1428.954,910.726
974,1,1,1426.129,915.821
975,1,1,1425.804,915.028
976,1,1,1415.415,910.068
977,1,1,1421.539,913.126
978,1,1,1418.252,913.705
979,0,0,1456.966,907.778
980,0,1,1433.508,917.440
981,1,0,1419.563,911.360
982,1,1,1417.458,910.388
983,0,1,1421.225,911.760
984,1,1,1412.819,908.788
985,1,1,1420.056,911.378
986,1,1,1459.957,940.604
987,1,1,1424.936,910.757
988,1,1,1420.831,911.305
989,1,1,1415.988,908.702
990,1,1,1413.865,908.751
991,1,1,1414.788,909.840
992,0,0,1415.520,910.990
993,1,1,1433.766,914.173
994,1,1,1420.271,909.256
995,0,0,1418.338,911.360
996,1,1,1417.040,909.114
997,0,0,1409.809,905.170
998,1,1,1412.585,907.612
999,1,0,1441.864,927.680
1000,1,1,1663.126,1046.665
1001,1,1,1454.523,915.342
1002,1,1,1442.935,912.381
1003,1,1,1432.695,907.305
1004,1,1,1420.289,909.754
1005,1,1,1417.619,910.006
1006,1,1,1482.671,907.126
1007,1,1,1434.019,909.889
1008,1,1,1422.942,913.213
1009,1,1,1414.868,906.437
1010,0,1,1414.498,906.892
1011,1,1,1414.350,910.185
1012,1,1,1414.997,908.615
1013,1,1,1462.135,906.819
1014,1,1,1417.502,909.416
1015,1,1,1413.434,904.850
1016,1,1,1411.440,904.381
1017,1,1,1412.074,907.323
1018,1,1,1413.551,910.646
1019,1,1,1411.926,907.188
1020,1,1,1427.649,908.985
1021,1,1,1414.739,906.960
1022,1,1,1411.502,908.400
1023,1,1,1422.178,910.929
1024,1,1,1411.692,906.424
1025,0,0,1410.056,907.865
1026,1,1,1409.606,908.516
1027,1,1,1423.169,908.314
1028,0,0,1419.569,909.668
1029,1,1,1412.806,905.477
1030,1,1,1414.215,910.413
1031,1,1,1408.105,905.379
1032,1,1,1410.338,906.856
1033,1,1,1413.077,903.557
1034,1,1,1415.310,904.468
1035,1,1,1415.224,906.449
1036,1,1,1418.572,907.514
1037,1,1,1413.797,906.504
1038,1,1,1416.769,910.480
1039,1,1,1413.034,908.056
1040,1,1,1408.018,905.729
1041,1,1,1426.277,911.181
1042,1,1,1414.812,905.927
1043,1,1,1411.932,904.413
1044,0,0,1410.160,907.816
1045,1,1,1412.388,906.751
1046,1,1,1409.784,907.538
1047,1,1,1412.530,906.160
1048,1,1,1430.203,910.899
1049,1,1,1423.545,909.391
1050,1,1,1412.547,905.711
1051,0,0,1413.175,909.261
1052,1,1,1411.803,907.711
1053,1,1,1413.853,910.172
1054,0,0,1409.089,906.332
1055,1,1,1425.299,904.228
1056,1,1,1421.384,910.277
1057,1,1,1416.197,907.840
1058,1,1,1406.541,905.446
1059,1,1,1409.630,907.015
1060,1,1,1412.536,909.717
1061,1,1,1408.233,905.089
1062,1,1,1422.739,910.184
1063,1,1,1421.127,912.031
1064,1,1,1415.138,909.551
1065,1,1,1416.837,907.976
1066,1,1,1412.689,909.539
1067,1,1,1406.252,905.200
1068,1,1,1416.148,911.090
1069,1,1,1427.693,910.591
1070,1,1,1420.036,908.991
1071,1,1,1411.908,907.003
1072,1,1,1409.674,903.526
1073,1,1,1415.224,909.262
1074,1,1,1409.323,906.006
1075,1,1,1409.176,903.976
1076,1,1,1419.064,907.650
1077,1,1,1416.591,908.307
1078,0,0,1408.554,906.135
1079,1,1,1406.942,904.511
1080,1,1,1409.576,907.218
1081,1,1,1413.113,907.619
1082,0,1,1410.197,907.883
1083,1,1,1424.830,908.567
1084,1,1,1416.031,907.736
1085,1,1,1412.037,907.852
1086,1,1,1423.267,919.735
1087,1,1,1410.099,907.372
1088,1,0,1408.849,907.219
1089,0,0,1411.194,907.188
1090,1,1,1433.939,913.773
1091,1,1,1423.625,909.588
1092,0,0,1410.781,906.154
1093,1,0,1412.880,905.618
1094,1,1,1413.446,904.406
1095,1,1,1415.483,907.760
1096,1,1,1411.255,907.206
1097,0,0,1465.828,911.711
1098,1,1,1419.495,910.437
1099,0,0,1408.240,904.277
1100,1,1,1413.274,907.729
1101,1,1,1413.391,908.855
1102,0,0,1408.209,904.493
1103,1,1,1408.425,904.960
1104,1,1,1462.713,909.385
1105,1,1,1412.547,905.508
1106,1,1,1411.188,907.950
1107,1,1,1414.124,909.489
1108,1,0,1408.394,905.533
1109,1,1,1412.086,908.363
1110,1,1,1453.674,909.680
1111,1,1,1424.579,911.551
1112,1,1,1418.393,909.286
1113,0,0,1409.834,907.274
1114,1,1,1415.114,910.141
1115,0,1,1412.209,910.013
1116,0,0,1412.400,907.496
1117,1,1,1446.776,906.523
1118,1,1,1420.050,907.987
1119,1,1,1413.237,907.040
1120,1,1,1414.443,907.360
1121,1,1,1411.969,907.993
1122,1,1,1416.296,910.788
1123,0,0,1409.526,906.492
1124,0,0,1466.610,906.825
1125,1,1,1428.185,912.898
1126,1,1,1418.400,910.689
1127,1,1,1411.052,907.096
1128,1,1,1415.015,910.714
1129,0,0,1407.563,905.483
1130,0,0,1410.000,905.730
1131,1,0,1429.650,908.910
1132,1,0,1418.437,907.390
1133,1,1,1411.717,905.821
1134,1,1,1414.197,908.591
1135,1,1,1413.526,909.514
1136,1,1,1424.627,914.554
1137,1,1,1404.474,905.071
1138,1,1,1424.849,909.668
1139,1,1,1419.778,907.797
1140,0,0,1410.111,907.988
1141,0,1,1412.234,904.818
1142,1,1,1417.058,908.781
1143,1,1,1412.474,909.735
1144,0,0,1413.446,907.470
1145,1,1,1425.791,910.437
1146,1,1,1425.157,909.126
1147,1,1,1415.421,909.028
1148,1,1,1411.624,906.597
1149,1,0,1415.113,907.772
1150,1,1,1410.073,904.585
1151,1,1,1417.551,912.739
1152,1,1,1428.055,911.323
1153,1,1,1420.013,909.489
1154,1,1,1415.754,908.314
1155,1,1,1416.369,907.551
1156,1,1,1406.677,904.080
1157,1,1,1411.563,910.203
1158,1,1,1413.016,909.760
1159,1,1,1422.702,907.415
1160,1,1,1421.969,908.911
1161,1,1,1411.261,905.982
1162,1,1,1415.939,907.016
1163,1,1,1411.219,907.877
1164,1,1,1414.216,907.108
1165,1,1,1411.323,907.735
1166,1,1,1451.625,913.828
1167,1,1,1432.603,913.926
1168,1,1,1417.483,907.163
1169,0,1,1414.861,907.015
1170,1,1,1411.335,907.711
1171,1,1,1413.224,906.892
1172,1,1,1410.979,908.960
1173,1,1,1432.794,912.037
1174,0,0,1420.991,908.117
1175,1,1,1417.508,909.058
1176,0,0,1413.434,908.523
1177,0,0,1412.868,905.305
1178,1,1,1412.382,907.747
1179,1,1,1418.203,911.520
1180,1,1,1424.529,909.791
1181,1,1,1415.680,906.394
1182,1,1,1416.295,909.674
1183,0,0,1409.194,905.594
1184,1,1,1413.760,908.953
1185,1,1,1411.101,907.015
1186,1,1,1414.086,910.000
1187,1,1,1418.154,903.477
1188,1,1,1414.942,906.590
1189,1,1,1416.314,907.840
1190,0,0,1409.797,905.138
1191,1,1,1407.650,903.896
1192,1,1,1412.923,907.415
1193,1,1,1406.227,906.172
1194,1,1,1469.575,954.732
1195,1,1,1418.732,905.569
1196,1,1,1411.982,906.750
1197,1,1,1414.905,908.307
1198,1,1,1411.003,908.055
1199,1,1,1409.772,904.862
1200,1,1,1407.206,904.382
1201,1,1,1462.277,908.867
1202,1,1,1415.736,906.307
1203,1,1,1413.384,906.775
1204,1,1,1415.637,911.668
1205,1,1,1415.440,906.517
1206,1,1,1410.757,908.314
1207,0,0,1406.867,905.988
1208,1,1,1431.526,911.077
1209,1,0,1422.997,910.437
1210,1,1,1416.173,908.425
1211,1,1,1409.668,906.812
1212,1,1,1413.262,908.979
1213,1,1,1411.588,907.630
1214,1,1,1475.440,907.489
1215,1,1,1430.382,912.825
1216,1,1,1416.437,908.960
1217,1,1,1411.803,908.979
1218,0,0,1427.901,920.430
1219,1,1,1409.753,908.221
1220,0,0,1415.576,909.587
1221,1,1,1584.320,905.840
1222,0,0,1459.833,917.151
1223,1,1,1425.901,910.825
1224,1,1,1417.840,908.855
1225,1,1,1411.324,907.477
1226,0,0,1414.990,908.394
1227,0,0,1410.837,906.129
1228,1,1,1440.375,913.200
1229,1,1,1425.095,908.972
1230,1,0,1415.705,904.923
1231,1,1,1411.490,908.055
1232,0,1,1410.326,906.541
1233,1,1,1409.316,904.228
1234,0,0,1411.237,908.917
1235,1,1,1432.830,912.892
1236,1,1,1421.009,906.584
1237,1,0,1413.914,909.070
1238,1,0,1423.994,919.637
1239,1,1,1424.806,918.296
1240,1,1,1410.862,906.941
1241,1,1,1409.187,907.409
1242,1,1,1425.280,911.391
1243,1,1,1419.175,909.261
1244,1,1,1414.215,906.437
1245,1,1,1413.132,907.021
1246,1,1,1413.360,906.450
1247,1,0,1412.930,908.394
1248,1,1,1407.662,905.415
1249,1,1,1423.490,910.203
1250,1,1,1423.027,915.004
1251,0,0,1416.652,905.587
1252,0,0,1412.782,908.123
1253,1,1,1409.680,905.440
1254,1,1,1405.421,905.249
1255,1,1,1406.867,904.868
1256,0,0,1426.770,910.295
1257,1,1,1421.656,907.643
1258,1,1,1416.671,909.089
1259,1,1,1414.745,907.963
1260,1,1,1413.859,911.200
1261,1,0,1410.062,907.329
1262,1,1,1415.396,911.717
1263,1,1,1436.013,910.289
1264,1,1,1422.142,907.778
1265,0,0,1411.176,904.061
1266,1,1,1416.978,906.056
1267,1,1,1413.822,907.871
1268,1,1,1416.529,912.271
1269,1,0,1409.699,906.246
1270,1,1,1419.618,907.077
1271,1,1,1416.683,907.723
1272,1,1,1415.760,910.917
1273,1,1,1413.668,908.806
1274,1,1,1408.511,906.290
1275,1,1,1405.760,905.428
1276,1,1,1421.754,918.578
1277,1,0,1586.468,926.067
1278,1,1,1569.107,929.729
1279,1,1,1561.778,924.917
1280,1,1,1562.659,922.954
1281,0,0,1588.437,927.317
1282,1,1,1823.816,953.465
1283,1,1,1512.676,925.662
1284,1,1,1448.111,913.397
1285,1,1,1424.917,908.627
1286,1,1,1420.634,910.210
1287,1,1,1413.194,906.400
1288,1,1,1412.068,904.960
1289,0,0,1409.816,904.585
1290,1,1,1480.818,910.572
1291,1,1,1420.929,908.972
1292,0,0,1418.141,907.077
1293,1,1,1414.640,904.880
1294,1,1,1414.517,907.994
1295,1,1,1413.791,908.037
1296,1,1,1487.514,910.616
1297,1,1,1445.028,910.019
1298,0,0,1423.083,909.385
1299,1,1,1414.794,905.298
1300,0,0,1496.283,919.821
1301,1,1,1478.960,921.544
1302,0,0,1430.849,911.095
1303,1,1,1555.058,947.834
1304,1,1,1632.708,919.200
1305,1,1,1534.462,925.791
1306,1,1,1455.384,916.037
1307,1,1,1425.237,904.726
1308,1,1,1423.250,909.520
1309,1,1,1419.366,910.190
1310,1,1,1425.170,904.861
1311,1,1,1422.431,908.283
1312,1,0,1415.213,910.985
1313,1,0,1416.677,908.412
1314,1,1,1411.581,906.744
1315,1,1,1413.108,905.532
1316,0,1,1413.667,906.671
1317,1,1,1426.807,908.554
1318,1,1,1419.311,905.379
1319,1,1,1418.344,908.320
1320,1,1,1408.025,905.865
1321,0,0,1412.338,906.677
1322,1,1,1409.213,906.621
1323,1,1,1418.160,906.554
1324,1,1,1462.006,906.793
1325,1,1,1413.465,904.825
1326,1,1,1412.289,906.277
1327,1,1,1410.708,909.138
1328,1,1,1414.578,908.141
1329,1,1,1413.914,910.696
1330,1,1,1409.096,905.120
1331,1,1,1480.178,913.256
1332,1,1,1417.871,905.975
1333,1,1,1413.336,908.978
1334,1,1,1413.483,908.744
1335,1,1,1416.973,909.434
1336,1,1,1405.895,904.215
1337,1,1,1478.947,908.443
1338,1,1,1440.167,911.508
1339,1,1,1425.563,908.345
1340,1,1,1417.563,908.357
1341,1,1,1415.304,908.073
1342,1,1,1409.348,905.489
1343,1,1,1406.394,904.110
1344,1,1,1453.710,905.729
1345,1,1,1421.674,910.541
1346,0,0,1417.975,907.070
1347,1,1,1414.234,907.865
1348,1,1,1416.960,913.606
1349,1,1,1411.329,906.664
1350,1,1,1411.686,907.181
1351,0,0,1444.363,930.886
1352,1,1,1420.695,908.406
1353,1,1,1417.151,908.135
1354,1,1,1411.279,906.541
1355,1,1,1413.372,908.628
1356,1,1,1411.631,908.344
1357,1,1,1410.381,908.123
1358,1,1,1425.557,909.963
1359,1,1,1420.554,911.637
1360,1,1,1406.720,903.834
1361,0,0,1415.200,908.246
1362,1,1,1412.480,906.135
1363,1,1,1411.890,906.184
1364,1,1,1406.849,905.871
1365,1,1,1426.098,913.889
1366,1,1,1416.147,906.874
1367,1,1,1414.216,905.803
1368,1,1,1412.960,905.323
1369,1,1,1417.434,908.246
1370,1,1,1411.151,906.578
1371,1,1,1415.341,910.290
1372,1,1,1433.901,916.652
1373,1,1,1415.126,905.963
1374,1,1,1419.544,910.591
1375,1,1,1414.148,907.508
1376,1,1,1410.191,904.843
1377,1,1,1418.190,917.889
1378,1,1,1406.031,903.292
1379,0,0,1425.643,909.550
1380,1,1,1426.056,912.671
1381,1,1,1415.342,907.834
1382,1,1,1415.513,909.950
1383,1,1,1407.545,905.520
1384,1,1,1414.357,907.538
1385,1,1,1405.864,906.123
1386,1,1,1461.846,914.849
1387,1,1,1440.997,910.221
1388,1,1,1422.979,908.530
1389,1,1,1422.345,911.753
1390,1,0,1414.492,908.406
1391,1,1,1414.043,908.591
1392,1,1,1413.421,908.707
1393,1,1,1431.969,916.308
1394,1,1,1419.496,907.317
1395,0,0,1414.406,906.450
1396,1,1,1412.541,907.292
1397,1,1,1419.206,912.844
1398,1,1,1414.351,908.252
1399,1,1,1413.385,906.653
1400,0,0,1424.388,903.932
1401,1,1,1423.476,911.748
1402,1,1,1414.917,908.000
1403,1,1,1414.714,910.419
1404,0,0,1408.043,905.976
1405,1,1,1414.387,907.877
1406,1,1,1406.585,903.828
1407,1,1,1441.661,914.369
1408,1,1,1423.262,908.055
1409,1,1,1420.197,908.831
1410,0,0,1414.830,908.473
1411,1,1,1411.723,909.225
1412,0,0,1410.258,908.745
1413,1,1,1410.720,907.384
1414,1,1,1464.966,908.258
1415,0,0,1423.114,909.329
1416,1,1,1414.289,906.560
1417,1,1,1413.292,909.495
1418,1,1,1412.474,907.902
1419,1,1,1409.643,905.778
1420,1,1,1408.234,905.969
1421,1,1,1484.905,910.418
1422,1,1,1420.567,912.603
1423,1,1,1410.443,905.889
1424,1,1,1406.597,908.006
1425,1,1,1411.767,905.477
1426,1,1,1410.923,906.393
1427,1,1,1448.622,905.058
1428,1,1,1421.496,908.800
1429,0,0,1416.855,910.726
1430,1,1,1414.111,909.612
1431,1,1,1413.028,907.760
1432,1,1,1411.256,907.458
1433,1,1,1411.834,909.883
1434,1,1,1450.123,908.185
1435,1,1,1425.157,910.154
1436,1,1,1414.283,909.421
1437,1,1,1411.267,907.310
1438,1,1,1420.689,918.301
1439,1,1,1411.766,909.446
1440,1,1,1409.483,907.095
1441,1,1,1466.941,908.024
1442,1,1,1421.157,908.407
1443,0,0,1416.720,908.954
1444,0,0,1415.323,906.093
1445,1,1,1414.449,907.649
1446,1,1,1410.652,906.535
1447,1,1,1409.028,907.859
1448,0,1,1424.727,906.836
1449,1,1,1417.520,907.095
1450,0,1,1415.668,908.615
1451,1,1,1412.966,909.557
1452,1,1,1410.443,905.213
1453,0,0,1409.877,907.698
1454,1,1,1412.087,910.259
1455,1,1,1423.766,909.809
1456,1,1,1413.760,905.606
1457,1,1,1412.769,906.277
1458,1,1,1409.108,909.310
1459,0,0,1407.612,904.776
1460,0,0,1410.547,906.782
1461,0,0,1412.123,910.086
1462,1,1,1427.027,909.754
1463,1,1,1423.144,911.908
1464,0,0,1416.671,907.262
1465,0,0,1411.637,904.634
1466,1,1,1414.610,910.228
1467,1,1,1406.904,905.169
1468,0,0,1412.880,909.699
1469,1,1,1421.822,904.363
1470,1,1,1422.124,911.372
1471,1,1,1414.302,906.628
1472,1,1,1413.717,906.855
1473,1,1,1411.834,906.141
1474,1,1,1413.292,907.956
1475,1,1,1411.502,908.812
1476,1,1,1431.507,912.455
1477,1,1,1418.382,909.870
1478,1,1,1417.347,908.849
1479,1,1,1412.585,909.809
1480,1,1,1410.948,908.849
1481,1,1,1421.901,918.332
1482,0,0,1410.136,906.770
1483,1,0,1420.136,904.690
1484,1,1,1415.293,908.880
1485,1,1,1414.640,909.016
1486,1,1,1416.061,911.514
1487,0,0,1411.686,908.381
1488,1,1,1414.406,910.819
1489,1,0,1410.603,906.326
1490,1,1,1421.852,908.105
1491,1,1,1415.538,907.145
1492,1,1,1413.194,906.745
1493,1,0,1411.169,908.707
1494,1,1,1416.511,912.474
1495,1,1,1411.630,906.985
1496,1,1,1409.514,905.834
1497,1,1,1421.077,907.957
1498,1,1,1417.840,908.929
1499,1,1,1410.498,908.086
1500,1,0,1414.634,908.923
1501,1,1,1412.327,908.843
1502,1,1,1423.711,919.268
1503,1,1,1410.788,908.062
1504,1,1,1427.563,907.114
1505,1,1,1422.991,907.668
1506,1,1,1420.400,911.588
1507,1,1,1411.607,906.640
1508,1,1,1410.240,908.935
1509,1,1,1414.671,908.468
1510,1,1,1406.086,905.594
1511,1,1,1425.661,909.643
1512,1,1,1424.702,907.612
1513,0,0,1411.956,904.135
1514,1,1,1410.646,905.459
1515,0,1,1412.437,906.806
1516,1,1,1413.716,909.181
1517,1,1,1410.258,909.021
1518,1,1,1463.317,913.249
1519,1,1,1419.144,908.899
1520,1,1,1416.622,908.406
1521,1,1,1422.824,919.102
1522,1,1,1407.347,905.046
1523,0,0,1415.200,910.400
1524,0,0,1412.917,907.360
1525,0,0,1463.415,914.818
1526,1,1,1415.576,908.991
1527,1,1,1415.028,908.253
1528,1,1,1409.138,905.508
1529,1,1,1412.658,907.840
1530,1,1,1410.050,904.130
1531,1,1,1449.569,908.603
1532,1,1,1420.948,908.068
1533,0,0,1418.049,907.846
1534,1,1,1410.849,907.108
1535,0,0,1409.507,906.566
1536,0,0,1410.344,905.107
1537,1,1,1406.904,904.086
1538,0,0,1462.892,908.252
1539,1,1,1420.431,907.447
1540,1,1,1425.034,920.665
1541,1,1,1409.323,903.988
1542,1,1,1408.425,905.089
1543,1,0,1414.739,908.923
1544,1,1,1411.471,908.111
1545,1,1,1475.403,906.006
1546,1,1,1421.613,907.539
1547,1,1,1418.720,909.243
1548,1,1,1416.098,909.058
1549,1,1,1409.889,906.524
1550,1,1,1413.139,910.880
1551,1,1,1408.941,905.821
1552,1,1,1424.652,910.271
1553,1,1,1423.022,910.733
1554,0,1,1412.462,908.579
1555,1,1,1412.991,906.954
1556,1,1,1415.009,908.541
1557,1,1,1415.107,909.127
1558,0,0,1424.505,918.830
1559,1,1,1419.212,905.489
1560,1,1,1419.440,906.825
1561,1,1,1409.895,906.652
1562,0,0,1410.683,905.895
1563,1,1,1412.086,908.043
1564,1,1,1406.024,906.591
1565,1,1,1415.256,910.935
1566,1,1,1419.292,907.569
1567,0,0,1420.973,910.308
1568,1,1,1412.929,907.169
1569,1,1,1411.883,907.145
1570,1,1,1411.736,909.028
1571,1,1,1413.410,907.932
1572,1,1,1410.653,906.006
1573,0,0,1421.378,908.794
1574,1,1,1414.216,908.788
1575,1,1,1414.308,908.111
1576,1,1,1409.785,907.046
1577,1,1,1412.621,907.939
1578,1,1,1408.530,904.061
1579,1,1,1408.295,907.175
1580,1,1,1418.376,904.049
1581,1,1,1417.606,908.997
1582,1,1,1412.123,906.726
1583,1,1,1412.185,906.893
1584,0,0,1409.902,908.664
1585,1,1,1411.618,907.569
1586,1,1,1411.465,908.104
1587,1,1,1427.372,907.618
1588,1,1,1421.070,909.397
1589,1,1,1413.588,908.308
1590,1,1,1410.431,907.723
1591,1,1,1410.135,906.776
1592,1,1,1415.391,909.268
1593,0,0,1409.834,903.914
1594,1,1,1421.169,908.455
1595,1,1,1417.889,907.908
1596,1,1,1413.428,907.994
1597,1,1,1409.815,906.253
1598,1,1,1416.135,909.114
1599,1,1,1408.037,904.160
1600,1,1,1404.714,904.148
1601,0,0,1424.935,910.406
1602,1,1,1420.455,910.757
1603,1,1,1419.034,912.154
1604,1,1,1412.702,910.985
1605,1,1,1408.523,905.415
1606,1,1,1410.658,906.006
1607,1,1,1410.751,908.375
1608,1,1,1433.138,917.040
1609,1,1,1422.142,908.997
1610,0,0,1418.129,909.095
1611,1,1,1413.748,905.729
1612,1,1,1411.022,904.929
1613,1,1,1411.182,908.850
1614,1,1,1412.517,910.905
1615,1,1,1424.412,909.501
1616,1,1,1421.126,911.662
1617,1,1,1424.376,918.197
1618,1,1,1410.824,906.659
1619,1,1,1412.584,907.981
1620,1,1,1411.907,908.825
1621,0,0,1409.120,907.046
1622,1,1,1458.012,945.668
1623,1,1,1423.138,910.388
1624,0,1,1411.071,906.837
1625,1,1,1412.277,907.907
1626,1,1,1409.606,905.477
1627,1,1,1410.819,907.742
1628,1,1,1415.237,910.640
1629,1,1,1484.726,911.797
1630,1,1,1423.791,910.547
1631,1,1,1419.076,910.283
1632,1,1,1413.360,908.216
1633,1,1,1412.868,908.689
1634,1,1,1405.920,904.425
1635,1,1,1446.221,904.923
1636,1,1,1426.868,909.397
1637,1,1,1413.243,907.341
1638,1,1,1417.003,909.347
1639,1,1,1414.831,907.834
1640,1,1,1409.132,907.705
1641,1,1,1403.181,903.957
1642,0,0,1454.148,906.603
1643,1,1,1420.843,909.009
1644,1,1,1413.674,905.735
1645,1,1,1414.369,906.455
1646,1,1,1416.455,910.067
1647,0,0,1416.320,908.357
1648,1,1,1417.218,909.231
1649,1,1,1455.465,906.868
1650,1,1,1415.791,907.742
1651,1,1,1415.243,907.600
1652,1,1,1412.745,906.757
1653,1,1,1407.003,904.671
1654,0,0,1412.492,904.923
1655,0,0,1413.379,908.043
1656,1,0,1429.384,918.382
1657,1,1,1410.283,905.766
1658,1,1,1409.459,904.554
1659,1,1,1417.600,913.920
1660,1,1,1408.659,907.784
1661,1,1,1415.471,908.997
1662,0,0,1416.222,911.403
1663,1,1,1432.178,920.203
1664,1,1,1416.880,908.031
1665,1,1,1413.988,908.658
1666,1,0,1414.818,909.526
1667,1,1,1409.877,907.040
1668,1,1,1409.544,907.003
1669,1,1,1408.615,905.335
1670,1,0,1430.812,909.569
1671,1,1,1420.794,910.560
1672,1,1,1413.846,908.160
1673,1,1,1411.606,909.329
1674,1,1,1412.825,907.625
1675,0,0,1408.628,905.477
1676,1,1,1413.409,909.028
1677,1,1,1442.301,919.650
1678,1,1,1420.590,907.957
1679,1,1,1411.902,906.437
1680,1,1,1413.329,907.108
1681,1,1,1413.213,907.477
1682,0,0,1413.046,908.893
1683,1,1,1412.154,908.707
1684,1,1,1424.339,907.705
1685,1,1,1421.988,908.941
1686,1,1,1416.462,909.600
1687,1,1,1412.720,909.323
1688,1,1,1410.597,908.215
1689,1,1,1414.621,909.809
1690,1,1,1406.591,905.403
1691,1,1,1424.966,909.157
1692,1,1,1423.607,910.997
1693,1,1,1416.363,910.400
1694,1,1,1413.126,908.677
1695,1,1,1409.686,907.748
1696,1,1,1411.089,908.197
1697,1,1,1408.573,903.397
1698,1,1,1422.696,909.834
1699,0,0,1420.160,910.769
1700,1,1,1413.784,907.403
1701,1,1,1410.548,906.012
1702,1,1,1413.311,907.649
1703,1,1,1410.696,908.000
1704,1,1,1413.969,910.517
1705,1,1,1427.994,908.935
1706,1,1,1421.471,909.668
1707,1,1,1417.864,908.775
1708,1,1,1409.138,905.963
1709,1,1,1411.988,906.573
1710,1,1,1413.624,909.993
1711,1,1,1408.221,906.615
1712,1,1,1433.705,912.677
1713,1,1,1423.446,909.323
1714,1,1,1414.523,905.858
1715,0,0,1424.018,918.455
1716,1,1,1413.907,910.301
1717,1,1,1418.092,913.113
1718,1,1,1414.203,909.120
1719,1,1,1466.172,913.717
1720,1,1,1446.646,917.169
1721,1,1,1423.267,908.474
1722,1,1,1421.157,910.763
1723,0,0,1413.606,905.071
1724,1,1,1412.831,906.160
1725,1,1,1412.658,908.769
1726,1,1,1492.739,913.661
1727,1,1,1422.701,910.086
1728,1,1,1420.935,912.018
1729,1,1,1411.723,905.114
1730,1,1,1413.502,908.671
1731,1,1,1409.453,906.246
1732,1,1,1457.218,906.634
1733,0,0,1425.809,908.363
1734,1,1,1412.548,905.071
1735,1,1,1413.570,909.225
1736,0,0,1414.837,910.480
1737,1,1,1413.372,909.016
1738,1,1,1410.190,907.243
1739,1,1,1453.225,907.304
1740,1,1,1425.754,910.621
1741,1,1,1415.649,907.237
1742,1,1,1412.117,904.628
1743,1,1,1413.483,908.868
1744,1,1,1412.025,907.852
1745,1,1,1412.277,907.335
1746,1,1,1467.305,904.862
1747,1,1,1422.628,910.701
1748,1,1,1414.098,906.246
1749,1,1,1410.609,906.578
1750,1,0,1412.941,906.917
1751,1,1,1408.948,904.640
1752,0,0,1409.181,905.348
1753,1,1,1432.295,912.418
1754,1,1,1422.252,907.717
1755,1,1,1418.055,908.936
1756,0,0,1412.031,908.560
1757,0,0,1410.905,906.621
1758,1,1,1411.569,906.480
1759,0,0,1409.341,907.274
1760,1,1,1432.566,916.462
1761,1,1,1422.179,909.951
1762,1,1,1411.575,905.625
1763,1,1,1409.969,905.206
1764,1,1,1412.381,908.412
1765,1,1,1407.077,905.329
1766,1,1,1408.357,905.612
1767,1,1,1437.698,917.231
1768,1,1,1419.169,908.517
1769,0,0,1418.929,910.769
1770,1,1,1414.517,907.569
1771,0,1,1410.684,907.237
1772,1,1,1404.246,904.541
1773,1,1,1406.966,906.338
1774,1,1,1453.557,908.179
1775,1,1,1436.911,911.576
1776,1,1,1421.723,907.895
1777,1,1,1416.929,908.492
1778,1,1,1415.649,908.332
1779,1,1,1416.591,909.452
1780,1,1,1413.003,907.545
1781,1,1,1433.526,916.670
1782,0,0,1423.182,908.628
1783,1,1,1416.184,908.259
1784,1,0,1409.311,905.102
1785,1,1,1411.545,906.191
1786,1,1,1412.929,906.480
1787,1,1,1410.203,905.870
1788,1,1,1432.302,915.674
1789,1,1,1419.077,909.145
1790,1,1,1416.006,911.323
1791,0,0,1412.701,906.647
1792,1,1,1414.455,908.560
1793,1,0,1420.387,917.034
1794,1,1,1410.880,905.865
1795,0,0,1431.606,905.181
1796,1,1,1422.246,907.262
1797,1,1,1416.812,906.984
1798,1,1,1413.969,906.824
1799,1,1,1412.283,908.135
1800,1,0,1409.176,906.455
1801,1,1,1421.194,917.729
1802,0,0,1424.406,907.576
1803,1,1,1419.902,907.089
1804,1,1,1414.111,906.609
1805,1,1,1412.437,907.064
1806,1,1,1408.665,905.914
1807,0,0,1411.852,909.625
1808,1,1,1406.702,903.459
1809,1,1,1459.502,945.975
1810,1,1,1416.948,905.053
1811,1,1,1412.732,906.572
1812,1,1,1415.772,911.206
1813,1,1,1416.627,909.200
1814,1,1,1409.434,907.840
1815,1,1,1410.985,907.643
1816,1,1,1468.615,909.970
1817,1,1,1417.052,907.649
1818,1,1,1411.636,906.006
1819,1,1,1410.486,905.539
1820,1,1,1412.184,908.455
1821,1,1,1410.720,907.705
1822,0,0,1409.434,909.292
1823,1,1,1424.221,909.114
1824,1,1,1413.704,905.618
1825,1,1,1415.372,908.419
1826,1,1,1416.179,911.268
1827,1,1,1411.145,908.782
1828,1,1,1407.858,906.942
1829,1,0,1484.517,905.853
1830,1,1,1464.049,917.471
1831,1,1,1432.652,910.591
1832,1,1,1421.495,908.984
1833,1,1,1414.923,907.852
1834,1,1,1414.203,909.458
1835,0,0,1410.141,905.730
1836,1,1,1468.806,951.181
1837,1,0,1428.732,913.403
1838,1,1,1418.757,908.818
1839,1,1,1420.222,911.151
1840,1,1,1414.867,906.499
1841,1,1,1409.760,902.948
1842,1,1,1409.927,908.185
1843,1,1,1428.369,911.052
1844,1,1,1423.895,910.911
1845,1,1,1412.659,908.400
1846,1,1,1411.243,905.212
1847,0,0,1409.145,905.858
1848,1,1,1413.385,910.259
1849,0,0,1409.114,907.095
1850,1,1,1426.615,910.431
1851,1,1,1420.271,907.741
1852,1,1,1419.255,909.150
1853,1,0,1413.194,909.243
1854,1,1,1412.173,907.422
1855,1,1,1412.320,907.341
1856,1,1,1413.501,906.443
1857,1,1,1427.256,912.610
1858,1,1,1413.397,905.741
1859,1,1,1414.000,906.277
1860,1,1,1412.474,907.133
1861,0,0,1406.468,905.705
1862,1,1,1407.766,906.462
1863,0,0,1410.345,907.354
1864,1,1,1437.846,916.837
1865,1,1,1422.314,906.579
1866,1,1,1426.603,919.526
1867,1,1,1413.212,906.917
1868,1,1,1412.283,906.652
1869,1,1,1410.633,909.600
1870,1,1,1412.837,909.225
1871,1,1,1425.668,908.234
1872,1,1,1420.117,905.932
1873,1,1,1413.674,907.827
1874,1,1,1409.538,905.747
1875,1,1,1415.317,909.803
1876,1,1,1414.862,911.022
1877,1,1,1410.554,905.815
1878,1,1,1433.102,911.988
1879,1,1,1414.812,905.483
1880,1,1,1413.323,907.330
1881,0,1,1413.963,908.708
1882,1,1,1413.655,908.671
1883,1,1,1413.330,907.421
1884,1,1,1408.831,906.616
1885,1,1,1471.588,915.163
1886,1,1,1448.696,914.043
1887,1,1,1423.113,909.015
1888,1,1,1418.314,909.231
1889,1,1,1416.554,909.114
1890,1,1,1409.908,906.849
1891,1,1,1413.366,908.332
1892,0,0,1467.145,950.443
1893,1,1,1415.717,906.135
1894,1,1,1410.658,906.486
1895,1,1,1410.610,907.089
1896,1,1,1409.613,907.169
1897,1,1,1409.544,905.028
1898,0,0,1408.880,908.301
1899,1,1,1478.653,910.307
1900,1,1,1422.738,912.277
1901,1,1,1418.086,911.329
1902,0,0,1409.890,904.720
1903,1,1,1416.942,908.990
1904,1,1,1414.270,908.437
1905,1,1,1412.745,907.114
1906,0,0,1425.034,908.135
1907,1,1,1411.200,905.944
1908,1,1,1412.487,908.591
1909,1,1,1411.317,905.575
1910,1,1,1409.840,907.711
1911,1,1,1410.456,908.646
1912,1,1,1457.711,908.000
1913,1,1,1429.945,913.385
1914,1,1,1408.763,906.320
1915,1,1,1407.612,905.729
1916,1,1,1411.304,906.135
1917,1,1,1409.951,905.711
1918,1,1,1409.889,907.643
1919,1,1,1473.735,908.431
1920,1,1,1422.658,908.658
1921,0,0,1415.686,907.716
1922,1,1,1414.462,908.782
1923,1,1,1410.677,907.846
1924,1,1,1411.938,908.486
1925,1,1,1410.283,905.034
1926,0,0,1430.726,915.464
1927,1,1,1418.407,908.265
1928,1,1,1410.443,905.767
1929,1,1,1413.077,908.350
1930,1,0,1410.252,905.772
1931,1,0,1411.273,907.440
1932,1,1,1405.588,905.255
1933,1,1,1429.520,910.221
1934,1,1,1418.923,908.142
1935,1,1,1415.187,908.025
1936,1,1,1414.708,907.723
1937,1,1,1412.769,908.603
1938,1,1,1413.256,908.338
1939,1,1,1408.406,907.447
1940,1,1,1454.782,914.825
1941,1,1,1440.283,915.951
1942,1,0,1421.206,907.895
1943,1,0,1415.459,907.723
1944,1,1,1412.013,905.637
1945,1,1,1413.828,908.394
1946,1,1,1421.434,918.271
1947,1,1,1427.139,910.560
1948,1,1,1416.824,907.828
1949,1,1,1409.779,905.563
1950,1,1,1413.464,909.126
1951,1,1,1410.400,907.692
1952,1,1,1406.794,907.114
1953,1,1,1409.452,907.317
1954,1,1,1422.240,905.003
1955,1,1,1419.877,908.037
1956,1,1,1413.927,906.911
1957,1,1,1411.834,906.056
1958,1,1,1412.338,907.778
1959,1,1,1416.222,911.089
1960,1,1,1407.865,906.499
1961,1,1,1427.747,912.025
1962,1,1,1424.523,909.175
1963,1,1,1418.905,909.563
1964,0,0,1413.514,905.570
1965,1,1,1407.809,903.790
1966,0,0,1408.259,907.588
1967,1,1,1411.009,907.914
1968,1,1,1440.609,918.412
1969,1,1,1423.895,909.378
1970,1,1,1414.382,905.833
1971,1,0,1417.705,908.695
1972,1,1,1415.243,908.523
1973,1,1,1416.074,910.363
1974,1,1,1405.520,902.468
1975,0,0,1427.225,911.729
1976,1,1,1416.283,907.556
1977,1,1,1413.335,908.886
1978,1,1,1415.556,908.874
1979,1,1,1408.350,907.132
1980,1,1,1410.929,906.653
1981,1,1,1412.886,909.453
1982,1,1,1418.843,907.336
1983,1,1,1419.828,909.292
1984,1,1,1411.859,907.969
1985,0,0,1414.560,909.433
1986,1,1,1413.569,908.652
1987,0,0,1409.237,904.683
1988,1,1,1407.864,904.880
1989,1,1,1434.843,917.754
1990,1,1,1418.529,909.822
1991,1,1,1417.280,908.517
1992,1,1,1413.446,910.794
1993,1,1,1411.717,909.317
1994,1,1,1411.249,907.834
1995,0,0,1409.335,908.153
1996,1,1,1461.299,906.382
1997,1,1,1417.224,909.366
1998,1,1,1409.299,906.228
1999,1,1,1415.834,909.896
2000,1,1,1506.720,920.289
2001,1,1,1437.230,912.960
2002,0,0,1437.705,906.185
2003,1,1,1423.409,907.366
2004,1,1,1415.945,905.710
2005,1,1,1415.963,910.333
2006,1,1,1417.292,910.541
2007,1,1,1406.720,905.225
2008,1,1,1408.769,905.151
2009,0,0,1430.634,914.264
2010,1,1,1421.133,910.658
2011,1,1,1408.400,905.329
2012,1,1,1409.797,905.619
2013,1,1,1411.668,905.249
2014,0,0,1410.683,908.566
2015,1,1,1413.403,907.292
2016,1,1,1427.502,909.360
2017,1,1,1422.536,912.240
2018,1,1,1418.104,910.972
2019,1,1,1421.181,910.948
2020,1,1,1410.566,907.403
2021,1,1,1409.920,903.815
2022,1,1,1411.458,907.735
2023,1,1,1436.578,919.680
2024,1,1,1419.945,909.181
2025,1,1,1408.941,907.262
2026,1,1,1414.529,908.437
2027,1,1,1410.782,908.313
2028,1,1,1408.209,906.547
2029,1,1,1409.649,908.124
2030,1,0,1422.954,911.090
2031,1,1,1421.582,907.692
2032,1,1,1417.483,910.173
2033,0,1,1412.086,906.585
2034,1,1,1411.674,909.108
2035,1,1,1407.526,907.003
2036,1,1,1413.219,908.486
2037,1,1,1421.588,910.739
2038,1,1,1417.544,907.945
2039,1,0,1416.837,908.978
2040,1,1,1411.231,909.225
2041,1,1,1411.710,908.037
2042,1,1,1411.687,908.313
2043,1,1,1415.772,910.166
2044,1,1,1431.157,912.277
2045,1,1,1419.384,908.394
2046,1,1,1410.086,904.739
2047,0,1,1412.468,906.616
2048,1,1,1417.354,912.381
2049,0,0,1411.668,907.083
2050,1,1,1404.621,904.504
2051,1,1,1420.418,907.200
2052,1,1,1420.486,910.024
2053,0,0,1413.157,907.027
2054,1,1,1409.502,906.498
2055,1,0,1407.619,905.637
2056,1,1,1410.886,906.726
2057,1,1,1424.228,919.569
2058,1,1,1463.975,948.074
2059,1,1,1419.532,907.021
2060,1,1,1411.317,908.480
2061,1,1,1416.136,908.074
2062,0,0,1414.031,909.896
2063,0,0,1421.194,918.326
2064,1,1,1414.104,911.354
2065,1,1,1467.883,911.625
2066,1,1,1412.603,905.157
2067,1,1,1409.877,906.178
2068,1,1,1410.591,908.289
2069,1,1,1408.104,906.227
2070,1,1,1407.871,906.868
2071,1,1,1411.945,908.197
2072,1,1,1427.003,907.729
2073,1,1,1415.089,906.289
2074,1,1,1416.018,910.899
2075,1,1,1411.674,910.105
2076,1,1,1409.508,906.689
2077,1,1,1410.197,908.750
2078,1,1,1451.877,906.548
2079,1,1,1422.603,909.643
2080,1,1,1412.886,904.640
2081,1,1,1413.422,908.529
2082,1,0,1413.526,905.582
2083,1,1,1412.942,906.523
2084,0,0,1411.366,905.089
2085,1,1,1469.293,905.594
2086,1,1,1427.705,909.150
2087,1,1,1417.624,910.043
2088,1,1,1413.809,908.492
2089,1,1,1416.012,907.772
2090,1,1,1413.213,908.978
2091,1,0,1411.280,908.782
2092,1,0,1431.040,915.619
2093,1,1,1421.864,908.153
2094,0,0,1417.262,905.631
2095,1,1,1409.274,904.960
2096,1,1,1410.843,906.990
2097,1,1,1409.853,905.933
2098,1,1,1411.046,906.819
2099,1,1,1420.510,906.991
2100,1,1,1418.616,905.908
2101,1,1,1416.517,910.473
2102,1,1,1413.157,905.169
2103,0,0,1410.369,905.668
2104,1,1,1411.532,908.560
2105,1,1,1412.535,908.640
2106,0,0,1456.173,908.068
2107,1,1,1444.510,913.391
2108,1,1,1421.243,909.674
2109,1,1,1420.228,908.375
2110,1,1,1415.286,909.908
2111,1,1,1408.351,904.646
2112,1,1,1412.745,908.302
2113,1,1,1428.265,904.850
2114,1,0,1431.243,913.624
2115,1,1,1417.643,907.292
2116,1,1,1410.769,905.840
2117,1,1,1411.360,907.040
2118,1,1,1410.708,907.748
2119,1,1,1414.320,910.690
2120,1,1,1421.570,912.129
2121,1,1,1419.342,908.184
2122,1,1,1409.059,905.526
2123,0,1,1415.076,909.224
2124,1,1,1416.031,907.545
2125,1,1,1411.815,908.498
2126,1,1,1410.209,906.868
2127,1,1,1426.628,907.717
2128,1,1,1418.800,907.335
2129,1,1,1418.141,908.683
2130,1,1,1406.702,905.139
2131,1,1,1413.132,908.474
2132,1,1,1409.200,908.135
2133,1,1,1408.843,905.545
2134,1,1,1423.932,910.129
2135,1,1,1417.914,909.711
2136,1,1,1412.013,907.773
2137,1,1,1413.477,909.551
2138,1,1,1408.677,906.621
2139,1,1,1409.022,905.778
2140,1,1,1410.609,906.007
2141,1,1,1416.283,908.067
2142,1,1,1410.966,906.991
2143,1,1,1410.406,904.258
2144,1,1,1414.215,908.942
2145,1,0,1416.948,909.422
2146,1,1,1411.070,906.216
2147,1,1,1416.615,908.769
2148,1,1,1433.889,914.628
2149,1,1,1417.138,909.613
2150,1,1,1414.861,908.129
2151,1,1,1414.043,910.031
2152,0,0,1413.957,909.470
2153,1,1,1411.453,906.616
2154,1,1,1412.037,907.360
2155,1,1,1432.572,919.471
2156,1,1,1419.471,906.751
2157,1,1,1412.596,906.787
2158,1,1,1408.807,906.283
2159,0,1,1409.527,906.769
2160,1,1,1413.858,909.520
2161,0,0,1409.963,906.782
2162,1,1,1472.086,911.741
2163,1,1,1417.723,907.096
2164,1,0,1411.791,906.738
2165,0,0,1420.240,916.886
2166,1,1,1409.477,904.609
2167,1,1,1416.277,911.354
2168,1,1,1415.003,909.963
2169,1,1,1486.492,914.259
2170,1,1,1421.126,909.193
2171,1,1,1407.526,905.335
2172,1,1,1410.487,906.037
2173,1,1,1411.188,906.665
2174,0,0,1411.723,906.899
2175,1,1,1450.307,906.622
2176,0,0,1419.360,905.661
2177,0,0,1411.550,904.690
2178,0,0,1424.178,919.366
2179,1,1,1410.905,906.886
2180,1,1,1407.077,907.920
2181,1,1,1411.372,904.628
2182,1,1,1455.452,909.273
2183,1,1,1425.040,911.059
2184,1,1,1417.662,906.671
2185,0,0,1409.286,905.686
2186,1,1,1409.225,905.975
2187,1,1,1411.200,906.418
2188,1,1,1405.957,906.006
2189,1,1,1453.994,904.056
2190,1,1,1417.815,908.123
2191,1,1,1414.892,907.064
2192,1,1,1415.575,909.661
2193,1,1,1410.511,907.434
2194,1,1,1407.237,905.668
2195,1,1,1409.360,905.631
2196,0,0,1421.834,907.551
2197,1,1,1412.781,905.169
2198,1,1,1416.172,909.489
2199,1,1,1417.570,908.179
2200,1,1,1415.003,909.015
2201,1,1,1407.274,906.751
2202,1,1,1414.074,909.237
2203,1,1,1427.686,913.102
2204,1,1,1419.877,911.489
2205,1,1,1414.062,910.234
2206,1,1,1413.735,907.083
2207,0,0,1415.692,910.560
2208,1,1,1409.711,904.338
2209,1,1,1411.163,907.384
2210,1,1,1424.658,910.037
2211,1,1,1426.185,911.920
2212,1,1,1413.021,905.582
2213,1,1,1412.086,908.646
2214,0,0,1412.056,907.262
2215,1,1,1410.277,904.184
2216,1,1,1414.160,909.286
2217,0,0,1423.809,910.019
2218,1,1,1416.031,907.544
2219,1,1,1417.409,911.889
2220,1,1,1411.760,910.381
2221,1,1,1411.225,907.988
2222,1,1,1412.277,909.231
2223,1,1,1415.305,909.797
2224,1,1,1420.560,907.138
2225,1,1,1419.680,909.686
2226,0,0,1413.163,908.437
2227,1,1,1415.102,910.923
2228,1,1,1407.649,905.347
2229,1,1,1411.397,908.222
2230,0,0,1405.507,905.003
2231,0,0,1438.984,919.661
2232,0,0,1423.502,910.548
2233,0,0,1418.332,909.114
2234,1,1,1409.736,905.736
2235,1,1,1416.302,907.920
2236,1,1,1412.603,907.366
2237,1,1,1409.957,904.824
2238,1,1,1422.055,909.323
2239,1,1,1419.206,910.086
2240,1,0,1417.704,910.270
2241,1,1,1407.822,905.107
2242,1,1,1410.991,906.665
2243,0,0,1410.412,906.707
2244,1,1,1417.736,911.495
2245,1,1,1422.209,907.169
2246,0,0,1420.461,909.446
2247,1,1,1410.775,906.818
2248,1,1,1410.436,908.080
2249,0,0,1409.471,904.591
2250,1,1,1410.308,904.449
2251,1,1,1413.059,909.692
2252,1,1,1429.330,910.739
2253,1,1,1417.858,908.868
2254,1,1,1412.830,906.455
2255,1,1,1422.455,918.855
2256,1,1,1408.732,904.018
2257,1,1,1409.163,906.142
2258,1,1,1413.920,909.717
2259,1,0,1418.277,904.419
2260,1,1,1418.960,910.529
2261,1,1,1412.455,909.145
2262,1,1,1413.028,908.204
2263,1,1,1407.710,904.301
2264,1,1,1413.710,908.271
2265,0,0,1411.606,906.782
2266,0,0,1459.212,910.720
2267,1,1,1414.548,908.012
2268,1,1,1414.308,908.886
2269,1,1,1412.086,907.661
2270,1,1,1412.006,906.511
2271,1,1,1412.135,908.160
2272,0,0,1410.499,908.659
2273,1,1,1451.089,907.514
2274,1,1,1413.095,908.590
2275,1,1,1415.323,908.030
2276,1,0,1414.634,908.566
2277,0,0,1412.425,908.554
2278,1,1,1411.046,907.305
2279,1,1,1409.336,908.757
2280,1,1,1425.625,909.145
2281,1,1,1411.003,906.050
2282,1,1,1415.206,906.425
2283,1,1,1410.825,905.065
2284,1,0,1413.021,907.212
2285,1,1,1406.855,904.850
2286,1,1,1452.554,911.563
2287,1,1,1417.637,905.268
2288,1,1,1411.890,904.978
2289,0,0,1411.323,905.957
2290,1,1,1411.341,911.230
2291,1,1,1408.203,907.908
2292,0,0,1408.615,906.117
2293,1,1,1468.153,906.628
2294,1,1,1431.544,909.797
2295,1,1,1415.169,905.926
2296,1,1,1412.271,906.973
2297,1,1,1412.468,906.873
2298,1,1,1413.243,907.890
2299,1,1,1414.197,909.391
2300,1,1,1476.025,962.671
2301,0,0,1427.993,912.867
2302,1,1,1420.086,908.351
2303,1,1,1412.148,907.717
2304,0,0,1410.387,905.077
2305,1,1,1406.105,903.471
2306,1,1,1409.514,906.154
2307,1,1,1422.745,909.329
2308,1,1,1421.865,911.446
2309,1,1,1423.113,917.815
2310,1,1,1412.572,910.283
2311,1,1,1407.858,905.747
2312,1,1,1405.956,907.933
2313,1,1,1412.702,909.237
2314,1,1,1426.160,910.744
2315,1,1,1414.326,905.704
2316,1,1,1411.311,907.853
2317,1,1,1424.554,918.615
2318,1,1,1415.920,908.782
2319,1,1,1409.686,906.923
2320,1,1,1410.252,910.548
2321,1,1,1422.911,908.400
2322,1,1,1415.748,906.751
2323,1,1,1416.566,910.351
2324,1,1,1414.178,908.074
2325,1,1,1415.809,911.471
2326,1,1,1406.505,904.252
2327,1,1,1412.339,906.653
2328,1,1,1422.523,907.575
2329,1,1,1418.812,909.945
2330,1,1,1416.154,910.807
2331,1,1,1409.200,907.280
2332,1,1,1409.225,905.212
2333,1,1,1412.647,906.548
2334,1,1,1407.237,906.388
2335,1,1,1429.667,907.396
2336,0,0,1420.167,908.714
2337,1,1,1411.532,906.590
2338,1,1,1413.575,906.400
2339,1,1,1408.764,908.062
2340,1,1,1414.474,910.197
2341,1,0,1409.840,904.314
2342,1,1,1419.741,906.252
2343,1,1,1422.929,909.870
2344,1,1,1411.889,907.083
2345,1,1,1410.935,906.462
2346,1,1,1403.347,904.917
2347,1,1,1412.276,907.262
2348,1,0,1406.732,903.551
2349,1,1,1423.735,909.102
2350,0,0,1417.723,911.710
2351,1,1,1411.181,907.156
2352,1,1,1409.028,907.403
2353,1,1,1411.963,906.191
2354,1,1,1417.816,914.148
2355,1,1,1411.901,907.244
2356,1,1,1424.080,909.545
2357,1,1,1418.333,909.507
2358,1,1,1412.480,907.606
2359,1,1,1410.462,906.031
2360,0,0,1415.612,910.339
2361,1,0,1412.013,908.942
2362,1,1,1410.418,907.747
2363,1,0,1423.403,908.720
2364,0,0,1413.624,908.400
2365,1,1,1418.676,910.252
2366,1,0,1414.407,910.548
2367,1,1,1410.591,905.680
2368,1,1,1411.323,910.622
2369,1,1,1409.649,906.726
2370,1,1,1429.206,913.096
2371,1,1,1421.311,913.366
2372,1,1,1415.311,909.360
2373,0,0,1412.622,906.880
2374,1,1,1409.514,906.517
2375,1,1,1409.988,908.000
2376,1,1,1412.037,910.431
2377,1,1,1479.810,911.570
2378,1,1,1417.532,904.985
2379,1,1,1416.215,906.677
2380,1,1,1415.483,908.105
2381,0,1,1414.123,908.480
2382,1,1,1410.739,903.865
2383,1,1,1410.024,905.502
2384,1,1,1685.249,928.154
2385,1,1,1504.283,923.207
2386,1,1,1438.689,910.695
2387,1,1,1475.606,909.994
2388,1,1,1547.262,915.606
2389,1,1,1485.409,916.659
2390,1,1,1515.218,914.566
2391,1,1,1486.911,913.453
2392,1,1,1543.397,914.056
2393,1,0,1541.329,922.874
2394,1,1,1525.458,931.655
2395,1,0,1445.828,914.923
2396,1,1,1574.043,911.311
2397,1,1,1558.104,959.686
2398,1,1,1537.711,955.193
2399,0,0,1519.231,906.504
2400,1,1,1531.298,911.071
2401,1,1,1452.714,916.247
2402,1,1,1520.942,920.812
2403,1,0,1546.584,919.545
2404,1,1,1537.077,910.092
2405,1,1,1535.409,915.778
2406,1,1,1455.477,916.462
2407,1,1,1665.034,993.809
2408,1,1,1601.544,925.576
2409,1,1,1499.335,915.945
2410,1,0,1507.317,920.203
2411,1,1,1520.751,916.960
2412,1,1,1463.575,912.541
2413,1,1,1518.590,907.384
2414,1,1,1534.344,920.800
2415,1,1,1497.587,912.873
2416,1,1,1519.532,916.855
2417,1,0,1519.477,916.622
2418,1,1,1534.831,913.299
2419,0,1,1511.988,915.268
2420,1,1,1486.461,908.696
2421,1,1,1492.763,911.877
2422,1,0,1543.163,913.588
2423,1,1,1527.077,925.606
2424,1,1,1534.967,917.674
2425,1,1,1484.480,915.040
2426,1,1,1533.539,918.037
2427,1,1,1515.545,933.625
2428,1,1,1507.108,911.753
2429,1,1,1639.625,926.130
2430,1,1,1551.225,919.323
2431,1,1,1526.456,909.409
2432,1,1,1482.320,910.062
2433,1,1,1446.154,912.468
2434,1,1,1424.449,910.111
2435,1,1,1451.089,916.031
2436,0,0,1429.077,909.058
2437,1,1,1422.037,909.347
2438,1,0,1417.243,908.394
2439,1,1,1416.345,910.086
2440,1,1,1407.816,905.532
2441,1,1,1412.394,906.037
2442,0,0,1440.049,908.658
2443,1,1,1426.049,907.920
2444,0,0,1416.080,907.760
2445,1,1,1410.289,907.034
2446,1,1,1412.338,905.280
2447,1,1,1409.317,905.157
2448,1,1,1410.049,906.942
2449,1,1,1429.827,912.449
2450,1,1,1418.794,908.947
2451,1,1,1413.422,909.987
2452,1,1,1409.046,904.665
2453,1,1,1413.311,908.388
2454,1,1,1409.957,904.265
2455,1,1,1408.898,907.643
2456,1,1,1431.170,911.852
2457,1,1,1424.480,909.114
2458,1,1,1414.387,909.409
2459,1,1,1410.314,905.963
2460,1,1,1411.803,905.575
2461,1,1,1422.277,918.209
2462,0,0,1409.637,907.034
2463,1,1,1420.726,907.305
2464,1,1,1419.175,911.434
2465,1,1,1416.554,908.541
2466,0,0,1411.643,906.702
2467,0,0,1412.037,908.437
2468,0,0,1410.701,906.019
2469,1,1,1411.421,906.056
2470,1,1,1420.222,907.514
2471,0,0,1428.388,919.286
2472,1,1,1407.213,904.794
2473,1,1,1413.661,907.071
2474,0,0,1408.061,905.379
2475,1,1,1414.043,907.981
2476,1,1,1411.225,908.757
2477,0,0,1435.803,919.545
2478,0,0,1419.772,909.200
2479,0,0,1415.070,907.046
2480,1,1,1414.905,907.576
2481,1,1,1413.373,911.144
2482,1,1,1408.498,904.757
2483,1,1,1409.311,907.342
2484,1,1,1434.744,917.446
2485,1,1,1417.926,907.212
2486,1,1,1412.929,908.160
2487,1,1,1411.452,907.366
2488,1,1,1414.849,910.105
2489,0,0,1407.175,903.410
2490,1,1,1407.945,905.298
2491,1,1,1468.271,912.936
2492,1,1,1414.535,904.893
2493,1,1,1414.640,909.033
2494,1,1,1419.274,909.705
2495,1,1,1413.717,909.970
2496,1,1,1406.474,905.914
2497,1,1,1406.745,906.436
2498,1,1,1481.133,908.997
2499,0,0,1418.782,908.363
2500,1,1,1412.905,908.240
2501,1,1,1427.470,919.231
2502,1,1,1423.495,919.668
2503,1,1,1409.483,907.908
2504,1,1,1461.723,905.840
2505,1,1,1429.139,912.049
2506,0,0,1413.606,905.403
2507,1,1,1411.187,906.726
2508,1,1,1408.720,904.720
2509,1,1,1417.686,910.425
2510,1,1,1409.539,907.175
2511,0,1,1462.172,904.215
2512,0,1,1420.031,911.508
2513,0,0,1414.382,908.105
2514,1,1,1417.311,910.652
2515,1,1,1412.166,906.486
2516,1,1,1409.908,906.301
2517,0,0,1410.787,908.092
2518,0,1,1454.887,936.376
2519,1,1,1423.064,910.867
2520,1,0,1415.630,907.545
2521,0,0,1414.788,907.274
2522,1,1,1414.462,906.000
2523,1,0,1419.317,913.630
2524,1,1,1410.215,907.132
2525,1,1,1423.391,908.560
2526,1,1,1424.467,914.277
2527,1,1,1412.043,906.831
2528,1,1,1415.815,911.089
2529,1,1,1413.040,908.314
2530,1,1,1407.920,904.554
2531,0,0,1412.327,911.483
2532,1,1,1419.341,907.083
2533,1,1,1421.280,909.237
2534,1,1,1414.750,907.249
2535,1,1,1412.769,909.286
2536,1,1,1411.373,907.021
2537,1,1,1411.631,907.920
2538,1,1,1411.342,908.763
2539,0,0,1428.233,911.730
2540,1,1,1422.972,909.009
2541,0,0,1418.369,911.151
2542,1,1,1410.333,906.333
2543,0,0,1408.424,907.170
2544,1,1,1416.837,908.289
2545,1,0,1412.738,906.252
2546,0,0,1434.073,914.536
2547,1,1,1424.510,910.228
2548,1,1,1413.569,908.770
2549,1,1,1411.729,906.443
2550,1,1,1410.019,907.496
2551,1,1,1406.880,904.684
2552,1,0,1410.123,904.197
2553,1,1,1423.957,910.000
2554,1,1,1420.935,909.182
2555,1,1,1418.707,907.668
2556,1,1,1411.576,907.299
2557,1,1,1408.954,904.369
2558,1,1,1408.917,905.403
2559,1,1,1410.369,907.163
2560,1,1,1425.458,912.449
2561,1,1,1417.090,909.268
2562,0,0,1415.723,908.338
2563,1,1,1416.234,907.046
2564,1,1,1413.692,905.735
2565,1,1,1416.209,909.453
2566,0,1,1409.766,906.314
2567,0,0,1418.628,907.747
2568,1,1,1420.080,910.240
2569,1,1,1414.135,908.130
2570,1,1,1411.914,907.563
2571,1,1,1410.264,906.124
2572,0,0,1413.797,907.834
2573,1,1,1413.643,909.089
2574,1,1,1453.859,910.067
2575,1,1,1438.234,911.526
2576,1,1,1420.628,908.775
2577,1,1,1421.114,911.028
2578,1,1,1410.788,904.092
2579,1,1,1408.646,903.649
2580,1,1,1418.092,912.190
2581,1,1,1485.551,967.310
2582,1,1,1425.236,909.981
2583,1,1,1416.941,907.317
2584,1,1,1413.877,905.865
2585,1,1,1412.966,906.246
2586,1,1,1415.176,907.858
2587,1,1,1411.409,907.914
2588,1,1,1462.025,911.415
2589,1,1,1416.899,908.511
2590,1,1,1409.040,906.314
2591,1,1,1408.387,904.781
2592,1,1,1415.741,910.665
2593,1,1,1407.052,905.692
2594,1,1,1446.252,907.822
2595,1,1,1428.326,911.015
2596,1,1,1412.843,909.446
2597,1,1,1407.945,905.126
2598,1,0,1407.213,904.136
2599,1,1,1408.578,906.246
2600,1,1,1407.809,905.126
2601,1,1,1561.901,905.532
2602,1,1,1469.870,913.637
2603,1,1,1436.326,915.944
2604,1,1,1417.730,906.936
2605,1,1,1416.264,910.246
2606,1,1,1415.871,907.009
2607,1,1,1418.584,913.089
2608,1,1,1437.588,920.616
2609,1,1,1419.612,909.059
2610,1,1,1418.387,908.812
2611,1,1,1419.742,911.206
2612,1,1,1411.963,906.080
2613,1,1,1416.295,907.815
2614,1,1,1409.606,906.018
2615,1,1,1423.945,909.299
2616,0,0,1418.732,907.575
2617,1,1,1426.498,919.274
2618,1,1,1411.390,905.323
2619,1,1,1407.557,904.947
2620,1,1,1414.960,910.172
2621,1,1,1409.366,905.268
2622,1,1,1423.859,908.308
2623,0,0,1425.311,910.252
2624,1,1,1412.516,906.350
2625,1,1,1412.111,907.987
2626,1,1,1409.926,908.690
2627,1,1,1413.840,910.012
2628,1,1,1409.317,906.738
2629,1,1,1423.496,910.473
2630,1,1,1414.406,907.933
2631,0,1,1413.053,908.640
2632,0,0,1407.846,905.145
2633,1,1,1409.409,905.311
2634,1,1,1411.754,909.089
2635,1,1,1409.022,905.298
2636,1,0,1437.846,917.305
2637,1,1,1424.375,907.994
2638,1,0,1416.794,909.366
2639,0,0,1416.535,908.357
2640,1,1,1410.179,904.831
2641,1,1,1411.120,908.116
2642,0,0,1411.643,909.366
2643,1,1,1422.160,904.677
2644,1,1,1419.766,907.908
2645,1,1,1414.080,906.701
2646,0,0,1410.591,908.702
2647,1,1,1409.994,904.683
2648,1,1,1412.394,907.231
2649,1,1,1412.640,906.800
2650,1,1,1425.299,912.357
2651,1,1,1416.566,907.582
2652,1,1,1415.249,909.107
2653,1,1,1411.108,908.307
2654,1,1,1409.194,906.579
2655,1,1,1410.776,907.988
2656,1,1,1406.683,904.984
2657,0,0,1425.772,910.370
2658,1,1,1416.228,908.006
2659,0,0,1411.403,906.819
2660,1,1,1411.249,903.588
2661,1,1,1409.139,907.108
2662,1,1,1407.477,905.336
2663,1,1,1415.988,911.662
2664,0,0,1428.535,913.341
2665,1,1,1424.283,909.612
2666,1,1,1411.372,906.006
2667,0,1,1410.271,906.548
2668,1,1,1413.194,907.286
2669,1,0,1414.031,907.692
2670,1,1,1406.369,904.320
2671,1,1,1431.779,914.363
2672,1,1,1419.330,907.133
2673,0,0,1417.539,909.840
2674,1,1,1417.987,910.812
2675,1,0,1411.693,908.769
2676,1,1,1410.258,904.720
2677,1,1,1411.108,906.338
2678,1,1,1460.043,910.867
2679,1,0,1416.948,905.120
2680,1,1,1413.126,905.403
2681,1,1,1415.138,908.535
2682,1,0,1406.111,904.431
2683,1,1,1408.160,904.498
2684,1,1,1411.378,908.548
2685,0,0,1457.852,910.400
2686,1,1,1419.858,909.846
2687,1,1,1414.123,908.067
2688,1,1,1413.237,911.809
2689,1,1,1408.634,906.234
2690,0,0,1411.538,907.311
2691,1,1,1452.135,905.489
2692,1,1,1426.898,908.141
2693,0,0,1413.772,910.554
2694,0,0,1409.378,904.572
2695,1,1,1412.991,908.523
2696,1,1,1413.372,909.859
2697,0,0,1409.852,909.016
2698,1,1,1449.994,907.175
2699,1,1,1422.861,909.994
2700,1,1,1415.422,907.649
2701,1,1,1414.307,907.735
2702,1,1,1409.969,905.661
2703,0,0,1403.637,904.209
2704,1,1,1412.104,909.600
2705,1,1,1474.221,907.385
2706,1,1,1417.077,908.659
2707,1,1,1415.581,908.099
2708,1,1,1412.142,909.157
2709,1,1,1415.698,909.483
2710,1,1,1416.222,908.807
2711,1,1,1411.397,907.187
2712,1,1,1437.459,919.686
2713,1,1,1425.151,909.293
2714,1,1,1416.510,909.963
2715,1,1,1410.197,906.222
2716,1,1,1415.649,909.452
2717,0,0,1416.049,911.145
2718,1,1,1408.178,904.984
2719,1,1,1421.477,907.858
2720,1,1,1421.164,909.717
2721,1,1,1430.209,920.308
2722,1,1,1408.019,904.597
2723,1,1,1408.436,907.489
2724,1,1,1412.400,909.822
2725,1,1,1417.545,911.957
2726,1,1,1426.314,909.587
2727,0,0,1424.584,911.754
2728,1,1,1411.286,906.757
2729,1,1,1412.769,905.950
2730,1,1,1413.027,907.889
2731,0,0,1407.286,906.117
2732,1,1,1410.554,906.043
2733,1,1,1422.911,910.652
2734,1,1,1422.806,910.067
2735,1,1,1412.590,906.584
2736,1,1,1413.194,910.049
2737,1,1,1413.458,910.578
2738,1,1,1415.330,909.532
2739,1,1,1412.246,907.428
2740,1,1,1425.833,910.098
2741,1,1,1419.870,908.296
2742,1,1,1414.554,908.185
2743,1,1,1409.151,905.600
2744,1,1,1415.052,907.846
2745,1,0,1409.569,907.262
2746,1,1,1407.465,904.504
2747,1,0,1426.831,908.098
2748,1,0,1423.612,909.225
2749,1,1,1416.246,909.157
2750,1,1,1410.628,906.966
2751,1,1,1411.120,907.059
2752,1,1,1411.150,905.680
2753,1,1,1413.034,906.486
2754,1,1,1419.840,906.529
2755,1,1,1417.791,908.443
2756,1,1,1415.348,907.889
2757,1,1,1412.302,907.668
2758,1,0,1413.310,911.865
2759,1,1,1408.450,905.360
2760,1,1,1424.486,919.994
2761,1,1,1420.080,906.123
2762,1,1,1420.012,906.984
2763,1,1,1412.006,908.400
2764,1,1,1410.049,906.271
2765,1,1,1410.960,906.191
2766,1,0,1413.514,908.677
2767,1,1,1406.726,903.016
2768,0,0,1469.120,916.763
2769,1,1,1440.351,912.831
2770,1,1,1420.240,908.098
2771,1,1,1418.105,909.366
2772,1,1,1413.428,906.418
2773,1,1,1410.253,908.265
2774,1,1,1413.028,909.231
2775,1,1,1483.907,915.268
2776,1,1,1423.218,907.859
2777,1,1,1417.846,908.086
2778,1,1,1413.975,909.539
2779,1,1,1414.431,908.597
2780,1,1,1414.727,907.348
2781,1,1,1406.351,904.105
2782,0,0,1482.043,913.588
2783,1,1,1421.507,909.459
2784,1,1,1412.185,908.308
2785,1,1,1412.628,907.575
2786,1,1,1413.668,908.074
2787,1,1,1410.493,903.766
2788,1,1,1471.071,910.012
2789,1,1,1426.849,908.757
2790,1,1,1421.126,909.470
2791,0,0,1413.194,909.384
2792,1,1,1408.498,907.224
2793,0,0,1414.222,909.520
2794,1,1,1413.243,906.313
2795,1,1,1456.049,908.357
2796,1,1,1421.200,907.662
2797,1,1,1414.819,908.209
2798,1,1,1410.301,905.644
2799,1,1,1416.148,911.298
2800,1,1,1411.883,905.970
2801,1,1,1405.526,902.972
2802,0,0,1452.677,939.213
2803,1,1,1419.415,909.366
2804,1,1,1419.778,910.530
2805,1,1,1412.536,909.520
2806,1,1,1412.221,908.191
2807,1,1,1413.015,908.480
2808,1,1,1408.049,907.693
2809,1,1,1430.339,910.677
2810,0,1,1416.696,906.991
2811,1,1,1411.434,905.520
2812,1,1,1412.412,905.551
2813,1,1,1410.173,905.206
2814,1,1,1412.590,907.163
2815,1,1,1424.486,919.883
2816,1,0,1426.443,910.843
2817,1,1,1423.723,908.388
2818,1,1,1422.264,918.603
2819,1,1,1412.653,908.376
2820,0,0,1407.846,905.458
2821,1,1,1408.233,905.163
2822,1,1,1410.591,905.286
2823,1,1,1466.646,905.335
2824,1,1,1453.446,913.631
2825,1,1,1424.941,909.304
2826,0,0,1416.572,907.870
2827,0,0,1411.009,905.003
2828,1,1,1415.299,908.843
2829,1,1,1412.763,909.181
2830,0,0,1441.736,918.886
2831,1,1,1422.425,906.486
2832,1,1,1418.523,909.951
2833,1,1,1411.827,908.240
2834,1,1,1416.314,908.185
2835,1,1,1408.585,906.357
2836,1,1,1411.114,906.911
2837,1,1,1422.979,909.452
2838,1,1,1417.594,909.871
2839,1,1,1415.341,907.058
2840,1,1,1408.591,908.147
2841,0,1,1408.781,905.508
2842,1,1,1406.905,905.336
2843,1,1,1411.538,907.133
2844,1,1,1436.788,916.769
2845,1,1,1428.043,911.157
2846,1,1,1417.545,908.744
2847,1,1,1411.237,906.258
2848,1,0,1416.856,910.043
2849,1,1,1407.489,906.837
2850,1,1,1408.105,907.021
2851,1,1,1435.692,918.024
2852,1,1,1415.766,906.775
2853,0,0,1421.865,914.074
2854,1,0,1412.554,906.695
2855,1,1,1421.655,918.517
2856,1,1,1409.926,904.837
2857,1,1,1412.227,906.788
2858,0,0,1461.464,946.363
2859,1,1,1413.705,904.252
2860,1,1,1414.775,906.203
2861,1,1,1406.480,907.027
2862,1,1,1412.406,907.335
2863,1,0,1411.317,907.987
2864,1,1,1415.095,908.099
2865,1,1,1460.837,909.126
2866,1,1,1422.351,911.490
2867,1,1,1415.736,907.514
2868,1,1,1413.914,907.840
2869,1,1,1410.117,906.622
2870,1,1,1411.471,908.726
2871,0,0,1410.000,908.240
2872,1,1,1431.668,907.859
2873,1,1,1420.560,907.883
2874,1,1,1411.963,906.787
2875,1,1,1411.618,906.018
2876,1,0,1406.536,905.877
2877,1,1,1412.019,908.067
2878,0,0,1462.899,904.757
2879,0,0,1427.649,908.234
2880,0,1,1420.332,909.754
2881,1,1,1409.477,906.603
2882,1,0,1408.498,904.437
2883,1,1,1412.277,907.176
2884,1,1,1411.527,907.858
2885,1,1,1459.249,907.452
2886,0,0,1422.307,911.570
2887,1,1,1416.991,908.474
2888,1,1,1409.434,904.603
2889,1,1,1411.250,906.141
2890,0,0,1412.473,907.970
2891,1,1,1409.280,904.899
2892,1,1,1439.588,924.394
2893,1,1,1413.606,905.551
2894,1,1,1418.713,911.114
2895,1,1,1414.437,908.978
2896,1,1,1411.655,904.923
2897,1,1,1413.569,907.305
2898,1,1,1414.837,908.886
2899,1,1,1423.496,909.748
2900,0,0,1420.585,912.086
2901,1,1,1409.501,904.388
2902,0,0,1412.843,908.258
2903,1,1,1410.431,907.686
2904,0,0,1412.990,907.194
2905,1,0,1406.720,903.514
2906,1,1,1422.991,912.308
2907,1,1,1420.037,906.000
2908,1,1,1411.606,907.336
2909,1,1,1411.920,905.901
2910,1,1,1411.274,905.058
2911,1,0,1409.772,907.133
2912,1,1,1418.308,911.403
2913,1,1,1438.579,916.006
2914,1,1,1427.766,909.994
2915,0,0,1418.320,905.876
2916,0,0,1413.883,906.819
2917,1,1,1412.935,906.800
2918,0,1,1404.861,905.896
2919,1,1,1415.816,911.698
2920,0,0,1429.705,908.388
2921,1,1,1420.757,907.317
2922,1,1,1413.490,907.286
2923,1,1,1407.342,905.268
2924,1,1,1414.873,909.181
2925,1,1,1412.486,910.579
2926,1,1,1409.914,905.926
2927,0,0,1425.268,910.917
2928,1,1,1419.059,908.129
2929,1,1,1412.960,908.603
2930,1,1,1426.468,920.825
2931,1,1,1408.745,906.388
2932,1,1,1408.289,905.212
2933,0,0,1410.899,909.280
2934,1,1,1424.634,909.464
2935,0,0,1419.218,909.624
2936,0,0,1411.459,905.477
2937,0,0,1408.788,905.169
2938,0,0,1411.280,908.363
2939,1,1,1412.388,907.452
2940,1,1,1409.280,907.250
2941,0,0,1426.388,907.624
2942,1,1,1419.563,907.489
2943,1,1,1413.815,909.810
2944,1,1,1415.772,906.849
2945,0,1,1411.071,906.750
2946,1,1,1407.563,907.077
2947,1,1,1409.317,907.409
2948,1,1,1420.308,906.714
2949,1,1,1416.529,906.794
2950,1,0,1413.163,907.877
2951,1,1,1412.486,906.579
2952,1,1,1417.446,908.412
2953,1,1,1408.203,906.037
2954,1,1,1412.111,904.855
2955,1,1,1422.332,907.366
2956,1,1,1417.932,908.941
2957,1,1,1411.446,906.579
2958,1,1,1415.576,910.572
2959,1,1,1411.877,909.729
2960,1,1,1414.591,908.683
2961,1,1,1410.966,906.874
2962,1,1,1459.495,946.105
2963,1,1,1418.615,908.738
2964,1,1,1416.382,910.726
2965,1,1,1412.332,906.695
2966,1,1,1404.517,904.338
2967,1,1,1412.234,907.268
2968,1,1,1407.963,905.631
2969,1,1,1460.702,910.295
2970,1,1,1420.018,909.003
2971,1,0,1410.911,906.554
2972,1,1,1411.976,908.031
2973,0,0,1408.837,906.560
2974,1,1,1413.945,907.243
2975,1,1,1409.920,906.252
2976,1,1,1427.569,906.529
2977,1,1,1418.246,909.268
2978,1,1,1410.954,908.179
2979,1,1,1404.172,903.791
2980,1,1,1407.865,906.683
2981,0,0,1422.590,919.372
2982,1,0,1449.280,904.732
2983,1,1,1419.305,909.730
2984,1,1,1416.658,907.391
2985,1,1,1411.957,906.812
2986,1,1,1410.246,906.720
2987,1,1,1416.714,910.652
2988,1,1,1409.760,907.427
2989,1,1,1472.941,906.628
2990,0,0,1426.197,910.972
2991,1,1,1413.816,903.354
2992,1,1,1414.387,907.606
2993,1,1,1419.865,909.330
2994,1,1,1409.951,907.532
2995,1,1,1413.667,908.862
2996,1,1,1468.800,952.714
2997,1,0,1420.658,909.575
2998,0,0,1423.064,913.495
2999,0,0,1414.467,910.584
3000,1,1,1519.366,921.624
3001,1,1,1436.911,910.461
3002,0,0,1420.394,906.554
3003,0,0,1446.764,917.673
3004,1,1,1423.459,910.941
3005,1,1,1598.308,906.437
3006,1,1,1699.840,931.588
3007,1,1,1625.298,928.677
3008,1,1,1481.354,919.225
3009,1,1,1486.080,916.068
3010,0,0,1446.492,913.693
3011,1,1,1428.012,908.265
3012,0,0,1416.203,905.834
3013,1,1,1416.511,908.086
3014,1,1,1418.031,909.268
3015,1,1,1416.080,909.422
3016,1,1,1437.877,906.880
3017,1,1,1428.147,911.656
3018,1,1,1418.597,907.606
3019,1,1,1418.449,909.619
3020,0,0,1409.803,906.049
3021,0,0,1413.046,906.240
3022,0,0,1414.098,909.870
3023,1,1,1443.108,908.782
3024,1,1,1431.723,914.222
3025,1,1,1420.511,908.190
3026,1,1,1412.880,904.523
3027,1,1,1414.646,907.329
3028,1,1,1413.256,907.975
3029,1,1,1417.550,914.098
3030,1,1,1451.341,917.588
3031,1,1,1433.754,910.019
3032,0,0,1420.006,908.627
3033,1,1,1419.108,912.006
3034,1,1,1410.419,906.744
3035,1,1,1410.462,907.139
3036,1,1,1409.059,905.021
3037,1,1,1432.720,908.511
3038,1,1,1424.215,909.710
3039,1,1,1414.437,909.213
3040,1,1,1412.529,908.289
3041,1,1,1412.240,904.726
3042,1,1,1411.471,906.369
3043,1,1,1411.760,906.923
3044,1,1,1549.809,927.458
3045,1,1,1446.498,915.034
3046,1,1,1428.363,909.797
3047,0,1,1415.323,905.994
3048,0,0,1417.102,910.018
3049,0,0,1410.529,905.729
3050,1,1,1461.133,906.406
3051,1,1,1432.837,911.335
3052,1,1,1414.111,906.714
3053,1,1,1411.311,907.760
3054,1,1,1414.585,910.006
3055,1,1,1415.938,910.240
3056,0,0,1412.923,906.880
3057,0,0,1472.332,906.683
3058,1,1,1425.071,911.280
3059,1,1,1414.751,907.532
3060,1,1,1408.609,905.397
3061,1,1,1407.939,905.034
3062,1,1,1409.625,907.821
3063,1,1,1409.268,907.803
3064,1,1,1439.133,922.985
3065,1,1,1417.453,907.582
3066,1,1,1414.812,911.422
3067,0,0,1413.353,907.920
3068,1,1,1414.166,912.831
3069,1,1,1411.292,906.523
3070,1,0,1407.557,908.332
3071,1,1,1441.662,918.073
3072,1,1,1423.132,907.083
3073,1,1,1414.412,908.806
3074,0,0,1412.622,908.468
3075,1,1,1415.114,909.613
3076,1,1,1413.624,906.043
3077,1,1,1412.566,908.228
3078,1,1,1433.704,912.560
3079,1,1,1424.406,908.265
3080,1,1,1423.483,914.609
3081,0,0,1413.096,907.206
3082,1,1,1410.948,905.120
3083,0,0,1414.499,907.261
3084,1,1,1414.708,909.815
3085,1,1,1422.708,910.141
3086,1,1,1417.421,907.834
3087,1,1,1414.191,907.760
3088,1,1,1410.154,906.104
3089,1,1,1413.760,908.671
3090,0,0,1410.609,908.050
3091,0,0,1409.914,906.788
3092,1,1,1425.367,909.810
3093,1,1,1422.338,909.704
3094,1,1,1411.975,907.471
3095,1,1,1409.329,904.049
3096,1,1,1412.462,907.889
3097,1,1,1414.056,908.037
3098,1,1,1414.769,909.883
3099,1,1,1420.074,907.053
3100,1,1,1422.831,911.840
3101,1,1,1415.458,907.637
3102,1,1,1416.431,909.716
3103,1,1,1412.240,906.640
3104,1,1,1411.619,907.310
3105,1,1,1409.422,904.486
3106,1,1,1435.828,917.213
3107,1,1,1427.298,911.181
3108,1,1,1412.104,907.994
3109,0,0,1414.548,907.428
3110,1,1,1407.643,906.117
3111,0,0,1407.489,906.123
3112,1,1,1412.861,907.828
3113,1,1,1426.437,909.828
3114,1,1,1419.668,911.421
3115,1,1,1416.492,907.416
3116,0,0,1417.674,909.267
3117,1,1,1410.849,905.717
3118,1,1,1408.984,906.339
3119,1,1,1411.034,907.489
3120,1,1,1429.895,912.394
3121,1,1,1423.378,911.317
3122,1,1,1415.502,907.170
3123,1,1,1412.178,905.693
3124,1,1,1408.105,905.834
3125,1,1,1411.520,907.532
3126,1,1,1411.963,910.652
3127,1,1,1424.930,910.781
3128,1,1,1421.538,909.139
3129,1,1,1413.687,906.960
3130,1,1,1411.015,906.049
3131,1,1,1416.855,909.550
3132,1,1,1412.621,909.286
3133,1,1,1412.259,909.040
3134,1,1,1460.972,908.603
3135,1,1,1413.582,907.360
3136,1,1,1416.793,909.287
3137,1,1,1410.757,908.289
3138,1,1,1418.357,911.213
3139,1,1,1409.397,907.151
3140,0,1,1409.864,907.447
3141,1,1,1470.437,910.148
3142,0,0,1421.538,911.261
3143,1,1,1419.760,909.649
3144,1,1,1414.369,908.609
3145,1,1,1414.591,906.025
3146,1,1,1413.446,910.467
3147,1,0,1455.255,908.887
3148,1,1,1430.954,911.293
3149,1,1,1413.631,907.170
3150,1,1,1413.046,908.412
3151,1,1,1411.840,905.539
3152,1,1,1412.609,907.692
3153,1,1,1407.015,905.674
3154,1,1,1454.142,905.047
3155,1,1,1417.790,908.357
3156,1,1,1413.809,906.375
3157,1,1,1411.570,906.313
3158,1,1,1408.123,905.003
3159,1,1,1409.902,906.696
3160,1,1,1411.631,910.264
3161,1,1,1472.055,906.338
3162,1,1,1426.167,910.664
3163,1,1,1418.819,911.754
3164,0,0,1413.255,909.668
3165,0,0,1410.382,907.170
3166,0,0,1411.544,908.215
3167,0,0,1409.594,905.625
3168,1,1,1425.970,908.634
3169,1,1,1417.508,907.243
3170,0,0,1415.169,910.036
3171,1,1,1415.237,909.163
3172,1,1,1414.339,910.437
3173,1,1,1411.828,907.329
3174,1,1,1411.347,906.978
3175,0,0,1429.415,912.640
3176,1,1,1420.283,907.113
3177,1,1,1416.738,908.573
3178,1,1,1411.988,905.643
3179,0,0,1416.142,910.653
3180,1,1,1409.015,905.570
3181,1,1,1413.108,908.351
3182,1,1,1426.320,909.452
3183,1,1,1425.926,912.105
3184,1,1,1416.012,908.720
3185,1,1,1411.520,906.400
3186,1,1,1406.677,905.415
3187,0,0,1415.754,910.277
3188,1,1,1405.988,905.711
3189,0,0,1420.437,906.683
3190,1,1,1416.190,906.209
3191,1,1,1410.351,904.523
3192,0,0,1417.107,909.600
3193,0,0,1414.535,912.713
3194,1,1,1408.166,905.101
3195,0,0,1411.969,909.237
3196,1,1,1436.190,919.612
3197,1,1,1418.578,907.637
3198,1,1,1416.652,909.421
3199,1,1,1408.664,903.532
3200,1,1,1409.625,904.947
3201,0,0,1412.812,910.049
3202,1,1,1411.483,907.009
3203,1,1,1436.917,912.745
3204,1,1,1417.336,907.157
3205,1,1,1416.400,908.388
3206,0,0,1410.227,906.283
3207,1,1,1409.852,907.649
3208,1,1,1413.053,908.831
3209,1,1,1409.095,906.197
3210,1,1,1420.861,908.332
3211,1,1,1417.329,910.375
3212,1,0,1417.323,912.172
3213,1,1,1407.939,903.846
3214,1,1,1410.523,908.061
3215,1,1,1414.387,908.757
3216,1,1,1410.972,906.129
3217,1,0,1419.753,906.098
3218,1,1,1416.123,906.431
3219,1,1,1414.265,908.523
3220,1,1,1409.649,905.871
3221,1,1,1412.652,908.456
3222,0,0,1408.350,906.708
3223,1,1,1411.957,907.582
3224,1,0,1427.219,911.311
3225,1,1,1422.382,911.145
3226,1,0,1416.449,908.074
3227,1,1,1418.061,909.649
3228,1,1,1412.480,908.646
3229,0,0,1408.523,906.745
3230,1,1,1408.510,908.474
3231,1,1,1429.459,918.289
3232,1,1,1419.673,909.053
3233,1,1,1412.954,907.833
3234,1,0,1416.806,909.452
3235,1,1,1418.135,908.554
3236,0,0,1406.153,904.942
3237,1,1,1409.674,908.043
3238,1,1,1457.797,910.074
3239,1,1,1417.501,905.661
3240,1,1,1416.498,908.203
3241,0,0,1417.865,908.658
3242,1,1,1411.317,907.889
3243,1,1,1411.348,907.397
3244,0,1,1405.932,904.283
3245,1,1,1484.074,912.436
3246,1,1,1426.916,909.335
3247,1,1,1413.378,906.923
3248,1,1,1415.009,908.375
3249,0,0,1414.092,908.566
3250,1,1,1411.729,909.403
3251,1,1,1456.326,907.213
3252,1,1,1428.117,911.890
3253,1,1,1418.277,911.145
3254,1,1,1414.111,906.375
3255,1,1,1414.499,908.166
3256,1,1,1413.767,905.957
3257,1,1,1409.157,905.366
3258,1,1,1451.416,907.397
3259,0,0,1424.135,909.600
3260,1,1,1412.289,907.458
3261,1,0,1410.806,908.966
3262,1,1,1414.831,910.480
3263,1,1,1419.951,918.074
3264,1,1,1413.483,907.391
3265,1,1,1486.437,956.948
3266,0,0,1430.745,911.218
3267,1,1,1416.634,906.547
3268,1,1,1415.378,908.836
3269,1,1,1410.105,906.375
3270,1,1,1414.277,908.234
3271,1,1,1413.329,910.609
3272,1,1,1432.591,912.855
3273,1,0,1418.972,910.258
3274,1,1,1414.363,908.104
3275,1,1,1409.748,905.089
3276,1,1,1459.957,907.957
3277,1,1,1520.597,920.320
3278,0,0,1445.120,910.873
3279,1,1,1454.228,914.787
3280,1,1,1428.307,907.760
3281,0,1,1414.357,907.040
3282,1,1,1412.203,906.813
3283,1,1,1410.905,906.387
3284,1,0,1409.864,904.536
3285,0,0,1408.960,906.400
3286,1,1,1443.261,920.209
3287,1,1,1420.289,910.652
3288,1,1,1415.526,906.073
3289,1,1,1412.473,906.818
3290,0,0,1413.914,907.274
3291,1,1,1410.855,907.188
3292,1,0,1407.939,908.824
3293,1,1,1427.101,912.487
3294,1,0,1419.440,908.566
3295,1,1,1416.234,908.813
3296,1,1,1412.880,907.471
3297,1,1,1408.960,906.031
3298,1,0,1409.083,903.871
3299,1,1,1411.428,907.139
3300,1,1,1425.378,906.548
3301,1,1,1421.729,909.686
3302,1,1,1415.287,907.748
3303,1,1,1414.615,910.024
3304,1,1,1413.643,906.929
3305,1,1,1412.333,907.157
3306,1,1,1410.480,906.554
3307,1,1,1418.973,904.141
3308,1,1,1416.831,908.000
3309,0,0,1413.606,907.612
3310,1,1,1417.742,911.544
3311,1,1,1412.049,908.640
3312,1,1,1410.517,906.062
3313,1,0,1413.077,909.391
3314,1,1,1465.065,909.698
3315,1,1,1419.699,910.504
3316,0,0,1408.714,904.597
3317,1,1,1406.978,905.206
3318,0,0,1412.825,908.511
3319,1,1,1423.692,918.462
3320,1,1,1410.351,906.357
3321,1,1,1617.219,919.213
3322,0,0,1437.662,909.631
3323,1,1,1425.096,910.738
3324,1,0,1424.375,919.847
3325,1,1,1410.449,907.853
3326,1,1,1412.129,909.194
3327,1,0,1484.874,906.984
3328,1,1,1428.013,909.471
3329,1,1,1418.185,908.203
3330,1,1,1410.658,906.296
3331,1,1,1410.221,905.970
3332,0,0,1408.615,906.862
3333,1,1,1405.200,903.176
3334,0,0,1435.176,913.594
3335,0,0,1426.664,913.101
3336,1,1,1414.486,905.717
3337,1,1,1415.705,910.874
3338,0,0,1409.194,906.523
3339,1,1,1411.286,906.498
3340,1,1,1409.545,906.979
3341,1,1,1429.114,913.120
3342,1,1,1417.046,907.520
3343,1,1,1412.510,905.827
3344,1,1,1419.773,914.388
3345,1,1,1411.502,908.172
3346,1,1,1410.892,907.883
3347,1,1,1412.357,909.477
3348,0,0,1440.597,919.077
3349,1,1,1423.550,908.455
3350,1,1,1412.855,905.342
3351,1,1,1410.314,906.781
3352,1,1,1409.256,904.880
3353,0,0,1413.249,910.615
3354,0,0,1411.421,908.782
3355,1,1,1429.009,913.631
3356,1,1,1419.003,909.391
3357,0,0,1413.397,907.102
3358,1,1,1409.514,906.000
3359,1,1,1412.141,908.025
3360,1,1,1409.846,907.150
3361,0,0,1408.382,907.120
3362,1,1,1419.231,908.689
3363,1,1,1419.926,909.939
3364,1,1,1411.994,906.019
3365,0,0,1415.957,909.883
3366,1,1,1405.649,905.126
3367,1,0,1409.785,907.630
3368,1,1,1405.809,904.824
3369,1,1,1429.902,910.486
3370,1,1,1416.333,908.455
3371,1,1,1416.683,909.465
3372,1,1,1414.486,905.907
3373,1,1,1416.554,908.449
3374,1,1,1408.178,906.234
3375,1,1,1409.452,904.813
3376,1,0,1429.089,910.677
3377,1,1,1420.295,909.575
3378,1,1,1416.129,909.619
3379,1,1,1407.188,905.391
3380,1,0,1409.409,904.781
3381,1,1,1412.283,907.058
3382,1,1,1410.455,907.360
3383,1,1,1436.813,915.582
3384,1,1,1421.563,907.163
3385,1,1,1419.206,910.578
3386,1,1,1410.942,906.197
3387,1,1,1407.059,905.133
3388,1,1,1415.219,910.246
3389,1,1,1411.434,908.172
3390,1,1,1422.843,908.683
3391,1,1,1419.636,909.280
3392,1,1,1416.431,907.139
3393,1,1,1414.923,906.973
3394,1,1,1415.329,908.856
3395,1,0,1413.551,908.553
3396,1,1,1413.944,909.090
3397,1,1,1420.289,903.944
3398,1,1,1416.966,910.510
3399,1,1,1419.576,910.627
3400,1,1,1409.810,905.884
3401,1,1,1412.271,906.511
3402,0,0,1411.317,908.634
3403,1,1,1416.203,912.308
3404,1,1,1467.280,908.443
3405,0,0,1414.701,906.936
3406,1,1,1415.600,911.422
3407,1,1,1409.637,906.345
3408,1,1,1415.256,908.209
3409,1,1,1412.148,907.292
3410,0,0,1411.778,907.274
3411,1,1,1486.665,913.508
3412,1,1,1420.806,912.530
3413,1,1,1412.363,905.391
3414,0,0,1410.868,907.711
3415,1,1,1422.911,920.086
3416,0,0,1418.456,912.812
3417,1,1,1451.311,907.255
3418,1,1,1421.859,908.972
3419,1,1,1412.148,904.904
3420,1,1,1412.264,910.824
3421,1,1,1409.354,908.345
3422,1,1,1404.296,905.766
3423,0,1,1410.628,907.434
3424,1,1,1445.434,905.120
3425,1,1,1417.852,908.308
3426,1,1,1414.947,907.028
3427,0,0,1412.012,907.711
3428,1,1,1413.747,907.181
3429,1,1,1412.173,906.573
3430,1,1,1414.307,910.301
3431,0,0,1519.545,906.499
3432,1,1,1489.323,916.517
3433,1,1,1435.569,913.446
3434,1,1,1416.184,906.067
3435,1,1,1414.339,907.409
3436,1,1,1414.566,908.326
3437,1,1,1413.748,906.923
3438,1,1,1440.578,911.305
3439,1,1,1425.760,909.471
3440,0,0,1416.745,907.680
3441,1,1,1415.182,907.600
3442,1,1,1409.495,905.668
3443,1,1,1411.200,907.348
