sample_id,label,pytorch_score,x00,x01,x02,x03,x04,x05,x06,x07,x08,x09,x10,x11,x12,x13,x14,x15,fpga_score,latency_us,ap_ctrl,abs_error,rel_error,pytorch_pred,fpga_pred,pred_match
0,0,-1.0926461219787598,0.0578252375125885,0.4533582031726837,0.1014444380998611,0.4925373196601867,0.0752729177474975,0.447761207818985,0.0694570243358612,0.4608208835124969,0.0520093441009521,0.4533582031726837,0.0578252375125885,0.4682835936546325,0.0752729177474975,0.4757462739944458,0.0520093441009521,0.4496268630027771,-1.092648983001709,80.34500001485867,14,2.86102294921875e-06,2.6184350922671064e-06,0,0,True
1,0,-0.8588064312934875,0.1014444380998611,0.4925373196601867,0.0752729177474975,0.447761207818985,0.0694570243358612,0.4608208835124969,0.0520093441009521,0.4533582031726837,0.0578252375125885,0.4682835936546325,0.0752729177474975,0.4757462739944458,0.0520093441009521,0.4496268630027771,0.0694570243358612,0.4757462739944458,-0.8588042259216309,75.08300006975333,14,2.205371856689453e-06,2.567949861958814e-06,0,0,True
2,0,-0.901875138282776,0.0752729177474975,0.447761207818985,0.0694570243358612,0.4608208835124969,0.0520093441009521,0.4533582031726837,0.0578252375125885,0.4682835936546325,0.0752729177474975,0.4757462739944458,0.0520093441009521,0.4496268630027771,0.0694570243358612,0.4757462739944458,0.0694570243358612,0.4645522534847259,-0.9018741250038148,74.129000040557,14,1.0132789611816406e-06,1.1235246634151422e-06,0,0,True
3,0,-1.2393139600753784,0.0694570243358612,0.4608208835124969,0.0520093441009521,0.4533582031726837,0.0578252375125885,0.4682835936546325,0.0752729177474975,0.4757462739944458,0.0520093441009521,0.4496268630027771,0.0694570243358612,0.4757462739944458,0.0694570243358612,0.4645522534847259,0.0694570243358612,0.4645522534847259,-1.239311933517456,77.79099996696459,14,2.0265579223632812e-06,1.6352256067865325e-06,0,0,True
4,0,-1.4424697160720823,0.0520093441009521,0.4533582031726837,0.0578252375125885,0.4682835936546325,0.0752729177474975,0.4757462739944458,0.0520093441009521,0.4496268630027771,0.0694570243358612,0.4757462739944458,0.0694570243358612,0.4645522534847259,0.0694570243358612,0.4645522534847259,0.0723649710416793,0.466417908668518,-1.4424705505371094,81.85899991985934,14,8.344650270775134e-07,5.784974324104381e-07,0,0,True
5,0,-1.437233567237854,0.0578252375125885,0.4682835936546325,0.0752729177474975,0.4757462739944458,0.0520093441009521,0.4496268630027771,0.0694570243358612,0.4757462739944458,0.0694570243358612,0.4645522534847259,0.0694570243358612,0.4645522534847259,0.0723649710416793,0.466417908668518,0.0752729177474975,0.466417908668518,-1.437235951423645,77.01499998802319,14,2.384185791015625e-06,1.6588714912898048e-06,0,0,True
6,0,-1.6668728590011597,0.0752729177474975,0.4757462739944458,0.0520093441009521,0.4496268630027771,0.0694570243358612,0.4757462739944458,0.0694570243358612,0.4645522534847259,0.0694570243358612,0.4645522534847259,0.0723649710416793,0.466417908668518,0.0752729177474975,0.466417908668518,0.0898126512765884,0.4738805890083313,-1.666874885559082,87.38399992580526,14,2.0265579223632812e-06,1.2157843421709173e-06,0,0,True
7,0,-1.4802913665771484,0.0520093441009521,0.4496268630027771,0.0694570243358612,0.4757462739944458,0.0694570243358612,0.4645522534847259,0.0694570243358612,0.4645522534847259,0.0723649710416793,0.466417908668518,0.0752729177474975,0.466417908668518,0.0898126512765884,0.4738805890083313,0.0781808644533157,0.4570895433425903,-1.480288028717041,77.02199991399539,14,3.337860107421875e-06,2.254866969291289e-06,0,0,True
8,0,-1.9152698516845703,0.0694570243358612,0.4757462739944458,0.0694570243358612,0.4645522534847259,0.0694570243358612,0.4645522534847259,0.0723649710416793,0.466417908668518,0.0752729177474975,0.466417908668518,0.0898126512765884,0.4738805890083313,0.0781808644533157,0.4570895433425903,0.0694570243358612,0.4589552283287048,-1.9152692556381223,86.12900001025992,14,5.960464479759509e-07,3.112075551399192e-07,0,0,True
9,0,-1.6095454692840576,0.0694570243358612,0.4645522534847259,0.0694570243358612,0.4645522534847259,0.0723649710416793,0.466417908668518,0.0752729177474975,0.466417908668518,0.0898126512765884,0.4738805890083313,0.0781808644533157,0.4570895433425903,0.0694570243358612,0.4589552283287048,0.0752729177474975,0.4682835936546325,-1.6095436811447144,75.0469999957204,14,1.7881393432617188e-06,1.1109591977274812e-06,0,0,True
10,0,-1.6326284408569336,0.0694570243358612,0.4645522534847259,0.0723649710416793,0.466417908668518,0.0752729177474975,0.466417908668518,0.0898126512765884,0.4738805890083313,0.0781808644533157,0.4570895433425903,0.0694570243358612,0.4589552283287048,0.0752729177474975,0.4682835936546325,0.0723649710416793,0.4626865684986114,-1.6326278448104858,84.01200000207609,14,5.960464477539062e-07,3.6508395470622424e-07,0,0,True
11,0,-1.732743501663208,0.0723649710416793,0.466417908668518,0.0752729177474975,0.466417908668518,0.0898126512765884,0.4738805890083313,0.0781808644533157,0.4570895433425903,0.0694570243358612,0.4589552283287048,0.0752729177474975,0.4682835936546325,0.0723649710416793,0.4626865684986114,0.0752729177474975,0.466417908668518,-1.7327415943145752,75.03400001951377,14,1.9073486328125e-06,1.1007680196068799e-06,0,0,True
12,0,-1.5556318759918213,0.0752729177474975,0.466417908668518,0.0898126512765884,0.4738805890083313,0.0781808644533157,0.4570895433425903,0.0694570243358612,0.4589552283287048,0.0752729177474975,0.4682835936546325,0.0723649710416793,0.4626865684986114,0.0752729177474975,0.466417908668518,0.0694570243358612,0.4608208835124969,-1.5556303262710571,77.41000001715292,14,1.5497207641601562e-06,9.962001859675855e-07,0,0,True
13,0,-1.2693102359771729,0.0898126512765884,0.4738805890083313,0.0781808644533157,0.4570895433425903,0.0694570243358612,0.4589552283287048,0.0752729177474975,0.4682835936546325,0.0723649710416793,0.4626865684986114,0.0752729177474975,0.466417908668518,0.0694570243358612,0.4608208835124969,0.0520093441009521,0.4533582031726837,-1.2693123817443848,75.31699998253316,14,2.1457672119140625e-06,1.6904986275968643e-06,0,0,True
14,0,-1.1407816410064695,0.0781808644533157,0.4570895433425903,0.0694570243358612,0.4589552283287048,0.0752729177474975,0.4682835936546325,0.0723649710416793,0.4626865684986114,0.0752729177474975,0.466417908668518,0.0694570243358612,0.4608208835124969,0.0520093441009521,0.4533582031726837,0.066549077630043,0.4738805890083313,-1.140781283378601,74.54199999301636,14,3.5762786843029915e-07,3.1349370955407145e-07,0,0,True
15,0,-1.1268028020858765,0.0694570243358612,0.4589552283287048,0.0752729177474975,0.4682835936546325,0.0723649710416793,0.4626865684986114,0.0752729177474975,0.466417908668518,0.0694570243358612,0.4608208835124969,0.0520093441009521,0.4533582031726837,0.066549077630043,0.4738805890083313,0.0927205979824066,0.4813432693481445,-1.1268024444580078,74.59700009349035,14,3.5762786865234375e-07,3.1738283574581316e-07,0,0,True
16,0,-1.3158555030822754,0.0752729177474975,0.4682835936546325,0.0723649710416793,0.4626865684986114,0.0752729177474975,0.466417908668518,0.0694570243358612,0.4608208835124969,0.0520093441009521,0.4533582031726837,0.066549077630043,0.4738805890083313,0.0927205979824066,0.4813432693481445,0.115984171628952,0.4794776141643524,-1.3158539533615112,76.2030000487357,14,1.5497207641601562e-06,1.1777286795777137e-06,0,0,True
17,0,-1.3714137077331543,0.0723649710416793,0.4626865684986114,0.0752729177474975,0.466417908668518,0.0694570243358612,0.4608208835124969,0.0520093441009521,0.4533582031726837,0.066549077630043,0.4738805890083313,0.0927205979824066,0.4813432693481445,0.115984171628952,0.4794776141643524,0.1130762249231338,0.4626865684986114,-1.371412754058838,77.19400002770271,14,9.5367431640625e-07,6.953950591485653e-07,0,0,True
18,0,-1.24683940410614,0.0752729177474975,0.466417908668518,0.0694570243358612,0.4608208835124969,0.0520093441009521,0.4533582031726837,0.066549077630043,0.4738805890083313,0.0927205979824066,0.4813432693481445,0.115984171628952,0.4794776141643524,0.1130762249231338,0.4626865684986114,0.1247080117464065,0.4720149338245392,-1.2468386888504028,75.82700004604703,14,7.152557370826429e-07,5.736550631357454e-07,0,0,True
19,0,-1.380147099494934,0.0694570243358612,0.4608208835124969,0.0520093441009521,0.4533582031726837,0.066549077630043,0.4738805890083313,0.0927205979824066,0.4813432693481445,0.115984171628952,0.4794776141643524,0.1130762249231338,0.4626865684986114,0.1247080117464065,0.4720149338245392,0.115984171628952,0.4589552283287048,-1.3801443576812744,75.61799998256902,14,2.7418136596679688e-06,1.98660973215923e-06,0,0,True
20,0,-0.4480026066303253,0.0520093441009521,0.4533582031726837,0.066549077630043,0.4738805890083313,0.0927205979824066,0.4813432693481445,0.115984171628952,0.4794776141643524,0.1130762249231338,0.4626865684986114,0.1247080117464065,0.4720149338245392,0.115984171628952,0.4589552283287048,0.133431851863861,0.4757462739944458,-0.4480006098747253,75.11999990583718,14,1.996755600031097e-06,4.45701781748503e-06,0,0,True
21,0,-1.804337978363037,0.066549077630043,0.4738805890083313,0.0927205979824066,0.4813432693481445,0.115984171628952,0.4794776141643524,0.1130762249231338,0.4626865684986114,0.1247080117464065,0.4720149338245392,0.115984171628952,0.4589552283287048,0.133431851863861,0.4757462739944458,0.1363397985696792,0.466417908668518,-1.8043402433395384,76.1789999614848,14,2.264976501242799e-06,1.2552950325291443e-06,0,0,True
22,0,-2.2887134552001958,0.0927205979824066,0.4813432693481445,0.115984171628952,0.4794776141643524,0.1130762249231338,0.4626865684986114,0.1247080117464065,0.4720149338245392,0.115984171628952,0.4589552283287048,0.133431851863861,0.4757462739944458,0.1363397985696792,0.466417908668518,0.115984171628952,0.4514925479888916,-2.2887117862701416,76.99699995100673,14,1.6689300541550267e-06,7.292000885314164e-07,0,0,True
23,0,-1.801263451576233,0.115984171628952,0.4794776141643524,0.1130762249231338,0.4626865684986114,0.1247080117464065,0.4720149338245392,0.115984171628952,0.4589552283287048,0.133431851863861,0.4757462739944458,0.1363397985696792,0.466417908668518,0.115984171628952,0.4514925479888916,0.0810888111591339,0.4421641826629638,-1.8012641668319702,75.2920000195445,14,7.152557373046875e-07,3.970855771701736e-07,0,0,True
24,0,-1.127244472503662,0.1130762249231338,0.4626865684986114,0.1247080117464065,0.4720149338245392,0.115984171628952,0.4589552283287048,0.133431851863861,0.4757462739944458,0.1363397985696792,0.466417908668518,0.115984171628952,0.4514925479888916,0.0810888111591339,0.4421641826629638,0.0810888111591339,0.4645522534847259,-1.127243995666504,76.8740000012258,14,4.76837158203125e-07,4.230113075152612e-07,0,0,True
25,0,-1.1499782800674438,0.1247080117464065,0.4720149338245392,0.115984171628952,0.4589552283287048,0.133431851863861,0.4757462739944458,0.1363397985696792,0.466417908668518,0.115984171628952,0.4514925479888916,0.0810888111591339,0.4421641826629638,0.0810888111591339,0.4645522534847259,0.0752729177474975,0.4608208835124969,-1.1499786376953125,73.59399990036763,14,3.5762786865234375e-07,3.1098662892256505e-07,0,0,True
26,0,-0.8730454444885254,0.115984171628952,0.4589552283287048,0.133431851863861,0.4757462739944458,0.1363397985696792,0.466417908668518,0.115984171628952,0.4514925479888916,0.0810888111591339,0.4421641826629638,0.0810888111591339,0.4645522534847259,0.0752729177474975,0.4608208835124969,0.0869047045707702,0.4720149338245392,-0.8730443120002747,95.92000003522116,14,1.1324882507324219e-06,1.2971698757283951e-06,0,0,True
27,0,-0.8970733880996704,0.133431851863861,0.4757462739944458,0.1363397985696792,0.466417908668518,0.115984171628952,0.4514925479888916,0.0810888111591339,0.4421641826629638,0.0810888111591339,0.4645522534847259,0.0752729177474975,0.4608208835124969,0.0869047045707702,0.4720149338245392,0.0985364913940429,0.4720149338245392,-0.8970736861228943,76.62199993774266,14,2.980232238769531e-07,3.322172163732059e-07,0,0,True
28,0,-0.864319920539856,0.1363397985696792,0.466417908668518,0.115984171628952,0.4514925479888916,0.0810888111591339,0.4421641826629638,0.0810888111591339,0.4645522534847259,0.0752729177474975,0.4608208835124969,0.0869047045707702,0.4720149338245392,0.0985364913940429,0.4720149338245392,0.1014444380998611,0.466417908668518,-0.8643219470977783,85.11999999427644,14,2.0265579223632812e-06,2.3446849646800796e-06,0,0,True
29,0,-1.227672815322876,0.115984171628952,0.4514925479888916,0.0810888111591339,0.4421641826629638,0.0810888111591339,0.4645522534847259,0.0752729177474975,0.4608208835124969,0.0869047045707702,0.4720149338245392,0.0985364913940429,0.4720149338245392,0.1014444380998611,0.466417908668518,0.1247080117464065,0.4794776141643524,-1.2276737689971924,75.48899998255365,14,9.5367431640625e-07,7.768147217265174e-07,0,0,True
30,0,-1.1756516695022583,0.0810888111591339,0.4421641826629638,0.0810888111591339,0.4645522534847259,0.0752729177474975,0.4608208835124969,0.0869047045707702,0.4720149338245392,0.0985364913940429,0.4720149338245392,0.1014444380998611,0.466417908668518,0.1247080117464065,0.4794776141643524,0.1276159584522247,0.466417908668518,-1.175652265548706,77.68600005420012,14,5.960464477539062e-07,5.069923883204772e-07,0,0,True
31,0,-1.9036835432052608,0.0810888111591339,0.4645522534847259,0.0752729177474975,0.4608208835124969,0.0869047045707702,0.4720149338245392,0.0985364913940429,0.4720149338245392,0.1014444380998611,0.466417908668518,0.1247080117464065,0.4794776141643524,0.1276159584522247,0.466417908668518,0.1305239051580429,0.466417908668518,-1.903682827949524,74.03699999031232,14,7.152557368605983e-07,3.757219730209525e-07,0,0,True
32,0,-1.6785138845443726,0.0752729177474975,0.4608208835124969,0.0869047045707702,0.4720149338245392,0.0985364913940429,0.4720149338245392,0.1014444380998611,0.466417908668518,0.1247080117464065,0.4794776141643524,0.1276159584522247,0.466417908668518,0.1305239051580429,0.466417908668518,0.0985364913940429,0.444029837846756,-1.678515076637268,77.3660000277232,14,1.1920928955078125e-06,7.102073485864566e-07,0,0,True
33,0,-1.954892992973328,0.0869047045707702,0.4720149338245392,0.0985364913940429,0.4720149338245392,0.1014444380998611,0.466417908668518,0.1247080117464065,0.4794776141643524,0.1276159584522247,0.466417908668518,0.1305239051580429,0.466417908668518,0.0985364913940429,0.444029837846756,0.1101682782173156,0.4720149338245392,-1.954891800880432,74.5480000432508,14,1.1920928961739463e-06,6.097995647121391e-07,0,0,True
34,0,-1.6523245573043823,0.0985364913940429,0.4720149338245392,0.1014444380998611,0.466417908668518,0.1247080117464065,0.4794776141643524,0.1276159584522247,0.466417908668518,0.1305239051580429,0.466417908668518,0.0985364913940429,0.444029837846756,0.1101682782173156,0.4720149338245392,0.0723649710416793,0.4402984976768493,-1.6523256301879885,76.21500003551773,14,1.0728836061790759e-06,6.493177151160836e-07,0,0,True
35,0,-1.0843098163604736,0.1014444380998611,0.466417908668518,0.1247080117464065,0.4794776141643524,0.1276159584522247,0.466417908668518,0.1305239051580429,0.466417908668518,0.0985364913940429,0.444029837846756,0.1101682782173156,0.4720149338245392,0.0723649710416793,0.4402984976768493,0.0956285446882247,0.4794776141643524,-1.0843108892440796,84.79999996779952,14,1.0728836059570312e-06,9.894622272794735e-07,0,0,True
36,0,-1.2300472259521484,0.1247080117464065,0.4794776141643524,0.1276159584522247,0.466417908668518,0.1305239051580429,0.466417908668518,0.0985364913940429,0.444029837846756,0.1101682782173156,0.4720149338245392,0.0723649710416793,0.4402984976768493,0.0956285446882247,0.4794776141643524,0.115984171628952,0.4776119291782379,-1.2300437688827517,76.19600000907667,14,3.4570693967506116e-06,2.810517615756242e-06,0,0,True
37,0,-0.9584263563156128,0.1276159584522247,0.466417908668518,0.1305239051580429,0.466417908668518,0.0985364913940429,0.444029837846756,0.1101682782173156,0.4720149338245392,0.0723649710416793,0.4402984976768493,0.0956285446882247,0.4794776141643524,0.115984171628952,0.4776119291782379,0.1188921183347702,0.466417908668518,-0.9584257006645204,74.78199995603063,14,6.556510924182746e-07,6.840912586531235e-07,0,0,True
38,0,-1.5568588972091677,0.1305239051580429,0.466417908668518,0.0985364913940429,0.444029837846756,0.1101682782173156,0.4720149338245392,0.0723649710416793,0.4402984976768493,0.0956285446882247,0.4794776141643524,0.115984171628952,0.4776119291782379,0.1188921183347702,0.466417908668518,0.1101682782173156,0.4589552283287048,-1.5568588972091677,82.8180000098655,14,0.0,0.0,0,0,True
39,0,-0.7886714935302734,0.0985364913940429,0.444029837846756,0.1101682782173156,0.4720149338245392,0.0723649710416793,0.4402984976768493,0.0956285446882247,0.4794776141643524,0.115984171628952,0.4776119291782379,0.1188921183347702,0.466417908668518,0.1101682782173156,0.4589552283287048,0.0781808644533157,0.444029837846756,-0.7886685729026794,77.15699996424519,14,2.9206275939941406e-06,3.703224495817321e-06,0,0,True
40,0,-1.399845004081726,0.1101682782173156,0.4720149338245392,0.0723649710416793,0.4402984976768493,0.0956285446882247,0.4794776141643524,0.115984171628952,0.4776119291782379,0.1188921183347702,0.466417908668518,0.1101682782173156,0.4589552283287048,0.0781808644533157,0.444029837846756,0.1014444380998611,0.4794776141643524,-1.3998422622680664,74.03099994007789,14,2.7418136596679688e-06,1.9586551737322883e-06,0,0,True
41,0,-0.8967101573944092,0.0723649710416793,0.4402984976768493,0.0956285446882247,0.4794776141643524,0.115984171628952,0.4776119291782379,0.1188921183347702,0.466417908668518,0.1101682782173156,0.4589552283287048,0.0781808644533157,0.444029837846756,0.1014444380998611,0.4794776141643524,0.115984171628952,0.4738805890083313,-0.8967061638832092,76.40000001174485,14,3.993511199951172e-06,4.4535139554515665e-06,0,0,True
42,0,-1.3855743408203125,0.0956285446882247,0.4794776141643524,0.115984171628952,0.4776119291782379,0.1188921183347702,0.466417908668518,0.1101682782173156,0.4589552283287048,0.0781808644533157,0.444029837846756,0.1014444380998611,0.4794776141643524,0.115984171628952,0.4738805890083313,0.0723649710416793,0.4365671575069427,-1.385572075843811,73.82799992683431,14,2.2649765014648438e-06,1.634684213424371e-06,0,0,True
43,0,-0.7430514693260193,0.115984171628952,0.4776119291782379,0.1188921183347702,0.466417908668518,0.1101682782173156,0.4589552283287048,0.0781808644533157,0.444029837846756,0.1014444380998611,0.4794776141643524,0.115984171628952,0.4738805890083313,0.0723649710416793,0.4365671575069427,0.1218000650405883,0.4962686598300934,-0.7430529594421387,87.64999995491962,14,1.4901161193847656e-06,2.005400945827302e-06,0,0,True
44,0,-0.800818920135498,0.1188921183347702,0.466417908668518,0.1101682782173156,0.4589552283287048,0.0781808644533157,0.444029837846756,0.1014444380998611,0.4794776141643524,0.115984171628952,0.4738805890083313,0.0723649710416793,0.4365671575069427,0.1218000650405883,0.4962686598300934,0.115984171628952,0.4608208835124969,-0.8008180856704712,76.67099998798221,14,8.344650268554688e-07,1.0420146251218412e-06,0,0,True
45,0,-1.154945731163025,0.1101682782173156,0.4589552283287048,0.0781808644533157,0.444029837846756,0.1014444380998611,0.4794776141643524,0.115984171628952,0.4738805890083313,0.0723649710416793,0.4365671575069427,0.1218000650405883,0.4962686598300934,0.115984171628952,0.4608208835124969,0.1072603315114975,0.4589552283287048,-1.1549453735351562,83.74699996238633,14,3.5762786865234375e-07,3.0964906748667244e-07,0,0,True
46,0,-0.458808958530426,0.0781808644533157,0.444029837846756,0.1014444380998611,0.4794776141643524,0.115984171628952,0.4738805890083313,0.0723649710416793,0.4365671575069427,0.1218000650405883,0.4962686598300934,0.115984171628952,0.4608208835124969,0.1072603315114975,0.4589552283287048,0.1305239051580429,0.4794776141643524,-0.4588059782981872,78.23999999345688,14,2.9802322388250424e-06,6.495584237000916e-06,0,0,True
47,0,-1.201290249824524,0.1014444380998611,0.4794776141643524,0.115984171628952,0.4738805890083313,0.0723649710416793,0.4365671575069427,0.1218000650405883,0.4962686598300934,0.115984171628952,0.4608208835124969,0.1072603315114975,0.4589552283287048,0.1305239051580429,0.4794776141643524,0.1130762249231338,0.4533582031726837,-1.2012889385223389,77.24900001448987,14,1.3113021850585938e-06,1.0915781471215133e-06,0,0,True
48,0,-1.831646203994751,0.115984171628952,0.4738805890083313,0.0723649710416793,0.4365671575069427,0.1218000650405883,0.4962686598300934,0.115984171628952,0.4608208835124969,0.1072603315114975,0.4589552283287048,0.1305239051580429,0.4794776141643524,0.1130762249231338,0.4533582031726837,0.1218000650405883,0.4701492488384247,-1.8316473960876465,74.95399995605112,14,1.1920928955078125e-06,6.508314176110556e-07,0,0,True
49,0,-0.5824887752532959,0.0723649710416793,0.4365671575069427,0.1218000650405883,0.4962686598300934,0.115984171628952,0.4608208835124969,0.1072603315114975,0.4589552283287048,0.1305239051580429,0.4794776141643524,0.1130762249231338,0.4533582031726837,0.1218000650405883,0.4701492488384247,0.083996757864952,0.4402984976768493,-0.5824847221374512,73.0770000245684,14,4.0531158447265625e-06,6.958272874810438e-06,0,0,True
50,0,-1.5848290920257568,0.1218000650405883,0.4962686598300934,0.115984171628952,0.4608208835124969,0.1072603315114975,0.4589552283287048,0.1305239051580429,0.4794776141643524,0.1130762249231338,0.4533582031726837,0.1218000650405883,0.4701492488384247,0.083996757864952,0.4402984976768493,0.0869047045707702,0.466417908668518,-1.58482563495636,75.47699999577162,14,3.4570693967506116e-06,2.181351550236703e-06,0,0,True
51,0,-1.405929446220398,0.115984171628952,0.4608208835124969,0.1072603315114975,0.4589552283287048,0.1305239051580429,0.4794776141643524,0.1130762249231338,0.4533582031726837,0.1218000650405883,0.4701492488384247,0.083996757864952,0.4402984976768493,0.0869047045707702,0.466417908668518,0.1188921183347702,0.4850746393203735,-1.4059289693832395,76.38199997472839,14,4.768371584251696e-07,3.391615131947518e-07,0,0,True
52,0,-1.118027687072754,0.1072603315114975,0.4589552283287048,0.1305239051580429,0.4794776141643524,0.1130762249231338,0.4533582031726837,0.1218000650405883,0.4701492488384247,0.083996757864952,0.4402984976768493,0.0869047045707702,0.466417908668518,0.1188921183347702,0.4850746393203735,0.0985364913940429,0.4514925479888916,-1.1180275678634644,81.94500003355643,14,1.1920928955078125e-07,1.066246309721522e-07,0,0,True
53,0,-1.5199915170669556,0.1305239051580429,0.4794776141643524,0.1130762249231338,0.4533582031726837,0.1218000650405883,0.4701492488384247,0.083996757864952,0.4402984976768493,0.0869047045707702,0.466417908668518,0.1188921183347702,0.4850746393203735,0.0985364913940429,0.4514925479888916,0.115984171628952,0.4757462739944458,-1.5199928283691406,77.23700002770784,14,1.3113021850585938e-06,8.627036206023977e-07,0,0,True
54,0,-0.8118358850479126,0.1130762249231338,0.4533582031726837,0.1218000650405883,0.4701492488384247,0.083996757864952,0.4402984976768493,0.0869047045707702,0.466417908668518,0.1188921183347702,0.4850746393203735,0.0985364913940429,0.4514925479888916,0.115984171628952,0.4757462739944458,0.1508795320987701,0.4869402945041656,-0.8118348121643066,88.7630000079298,14,1.0728836059570312e-06,1.3215523306089287e-06,0,0,True
55,0,-1.5080748796463013,0.1218000650405883,0.4701492488384247,0.083996757864952,0.4402984976768493,0.0869047045707702,0.466417908668518,0.1188921183347702,0.4850746393203735,0.0985364913940429,0.4514925479888916,0.115984171628952,0.4757462739944458,0.1508795320987701,0.4869402945041656,0.1683272123336792,0.4757462739944458,-1.5080722570419312,74.95399995605112,14,2.6226043701171875e-06,1.7390412144072608e-06,0,0,True
56,0,-0.3610754311084747,0.083996757864952,0.4402984976768493,0.0869047045707702,0.466417908668518,0.1188921183347702,0.4850746393203735,0.0985364913940429,0.4514925479888916,0.115984171628952,0.4757462739944458,0.1508795320987701,0.4869402945041656,0.1683272123336792,0.4757462739944458,0.1683272123336792,0.4645522534847259,-0.3610756993293762,84.7569999677944,14,2.6822090154476896e-07,7.42838970575624e-07,0,0,True
57,0,-1.08582603931427,0.0869047045707702,0.466417908668518,0.1188921183347702,0.4850746393203735,0.0985364913940429,0.4514925479888916,0.115984171628952,0.4757462739944458,0.1508795320987701,0.4869402945041656,0.1683272123336792,0.4757462739944458,0.1683272123336792,0.4645522534847259,0.165419265627861,0.4626865684986114,-1.0858248472213743,74.33799999034818,14,1.192092895729857e-06,1.097867294177894e-06,0,0,True
58,0,-2.5124456882476807,0.1188921183347702,0.4850746393203735,0.0985364913940429,0.4514925479888916,0.115984171628952,0.4757462739944458,0.1508795320987701,0.4869402945041656,0.1683272123336792,0.4757462739944458,0.1683272123336792,0.4645522534847259,0.165419265627861,0.4626865684986114,0.1857748925685882,0.4776119291782379,-2.512444496154785,73.00299989765335,14,1.1920928955078125e-06,4.744750905796672e-07,0,0,True
59,0,-1.3330458402633667,0.0985364913940429,0.4514925479888916,0.115984171628952,0.4757462739944458,0.1508795320987701,0.4869402945041656,0.1683272123336792,0.4757462739944458,0.1683272123336792,0.4645522534847259,0.165419265627861,0.4626865684986114,0.1857748925685882,0.4776119291782379,0.1596033722162246,0.447761207818985,-1.3330440521240234,74.74500000625994,14,1.7881393432617188e-06,1.3413937384992255e-06,0,0,True
60,0,-1.7020951509475708,0.115984171628952,0.4757462739944458,0.1508795320987701,0.4869402945041656,0.1683272123336792,0.4757462739944458,0.1683272123336792,0.4645522534847259,0.165419265627861,0.4626865684986114,0.1857748925685882,0.4776119291782379,0.1596033722162246,0.447761207818985,0.1915907859802246,0.4850746393203735,-1.7020928859710691,76.01300001169875,14,2.2649765016868884e-06,1.3306991095215545e-06,0,0,True
61,0,-2.021627902984619,0.1508795320987701,0.4869402945041656,0.1683272123336792,0.4757462739944458,0.1683272123336792,0.4645522534847259,0.165419265627861,0.4626865684986114,0.1857748925685882,0.4776119291782379,0.1596033722162246,0.447761207818985,0.1915907859802246,0.4850746393203735,0.1537874788045883,0.4402984976768493,-2.021624803543091,77.35400004094117,14,3.0994415283203125e-06,1.5331414469222893e-06,0,0,True
62,0,-1.9688574075698853,0.1683272123336792,0.4757462739944458,0.1683272123336792,0.4645522534847259,0.165419265627861,0.4626865684986114,0.1857748925685882,0.4776119291782379,0.1596033722162246,0.447761207818985,0.1915907859802246,0.4850746393203735,0.1537874788045883,0.4402984976768493,0.1566954255104065,0.466417908668518,-1.9688570499420168,74.51099997979327,14,3.5762786843029915e-07,1.8164234091066598e-07,0,0,True
63,0,-1.668523192405701,0.1683272123336792,0.4645522534847259,0.165419265627861,0.4626865684986114,0.1857748925685882,0.4776119291782379,0.1596033722162246,0.447761207818985,0.1915907859802246,0.4850746393203735,0.1537874788045883,0.4402984976768493,0.1566954255104065,0.466417908668518,0.1944987326860427,0.4888059794902801,-1.6685189008712769,76.0679999984859,14,4.29153442405017e-06,2.5720556019737267e-06,0,0,True
64,0,-1.1192365884780884,0.165419265627861,0.4626865684986114,0.1857748925685882,0.4776119291782379,0.1596033722162246,0.447761207818985,0.1915907859802246,0.4850746393203735,0.1537874788045883,0.4402984976768493,0.1566954255104065,0.466417908668518,0.1944987326860427,0.4888059794902801,0.1450636386871338,0.4328358173370361,-1.1192364692687988,74.84899992959981,14,1.1920928955078125e-07,1.0650946437774987e-07,0,0,True
65,0,-1.6513969898223877,0.1857748925685882,0.4776119291782379,0.1596033722162246,0.447761207818985,0.1915907859802246,0.4850746393203735,0.1537874788045883,0.4402984976768493,0.1566954255104065,0.466417908668518,0.1944987326860427,0.4888059794902801,0.1450636386871338,0.4328358173370361,0.1537874788045883,0.4701492488384247,-1.6513941287994385,78.43700007015286,14,2.86102294921875e-06,1.7324864746946528e-06,0,0,True
66,0,-0.507765531539917,0.1596033722162246,0.447761207818985,0.1915907859802246,0.4850746393203735,0.1537874788045883,0.4402984976768493,0.1566954255104065,0.466417908668518,0.1944987326860427,0.4888059794902801,0.1450636386871338,0.4328358173370361,0.1537874788045883,0.4701492488384247,0.1130762249231338,0.4384328424930572,-0.5077645778656006,75.05799999307783,14,9.5367431640625e-07,1.8781785236859442e-06,0,0,True
67,0,-0.9035313129425048,0.1915907859802246,0.4850746393203735,0.1537874788045883,0.4402984976768493,0.1566954255104065,0.466417908668518,0.1944987326860427,0.4888059794902801,0.1450636386871338,0.4328358173370361,0.1537874788045883,0.4701492488384247,0.1130762249231338,0.4384328424930572,0.1537874788045883,0.4906716346740722,-0.9035300612449646,73.8830000273083,14,1.2516975401721808e-06,1.385339414630593e-06,0,0,True
68,0,-1.1940131187438965,0.1537874788045883,0.4402984976768493,0.1566954255104065,0.466417908668518,0.1944987326860427,0.4888059794902801,0.1450636386871338,0.4328358173370361,0.1537874788045883,0.4701492488384247,0.1130762249231338,0.4384328424930572,0.1537874788045883,0.4906716346740722,0.165419265627861,0.4720149338245392,-1.1940133571624756,74.83100000627019,14,2.384185791015625e-07,1.9967835810077127e-07,0,0,True
69,0,-0.7191576957702637,0.1566954255104065,0.466417908668518,0.1944987326860427,0.4888059794902801,0.1450636386871338,0.4328358173370361,0.1537874788045883,0.4701492488384247,0.1130762249231338,0.4384328424930572,0.1537874788045883,0.4906716346740722,0.165419265627861,0.4720149338245392,0.18286694586277,0.4757462739944458,-0.7191596031188965,74.40000001679437,14,1.9073486328125e-06,2.652198042280015e-06,0,0,True
70,0,-1.5031657218933103,0.1944987326860427,0.4888059794902801,0.1450636386871338,0.4328358173370361,0.1537874788045883,0.4701492488384247,0.1130762249231338,0.4384328424930572,0.1537874788045883,0.4906716346740722,0.165419265627861,0.4720149338245392,0.18286694586277,0.4757462739944458,0.165419265627861,0.4533582031726837,-1.5031594038009644,75.7110000222383,14,6.318092345969362e-06,4.203190808536678e-06,0,0,True
71,0,-1.1092705726623535,0.1450636386871338,0.4328358173370361,0.1537874788045883,0.4701492488384247,0.1130762249231338,0.4384328424930572,0.1537874788045883,0.4906716346740722,0.165419265627861,0.4720149338245392,0.18286694586277,0.4757462739944458,0.165419265627861,0.4533582031726837,0.1596033722162246,0.4608208835124969,-1.1092674732208252,75.61200004602142,14,3.0994415283203125e-06,2.794125801860372e-06,0,0,True
72,0,-2.3619072437286377,0.1537874788045883,0.4701492488384247,0.1130762249231338,0.4384328424930572,0.1537874788045883,0.4906716346740722,0.165419265627861,0.4720149338245392,0.18286694586277,0.4757462739944458,0.165419265627861,0.4533582031726837,0.1596033722162246,0.4608208835124969,0.1479715853929519,0.4570895433425903,-2.361904621124268,75.62400003280345,14,2.6226043696730983e-06,1.1103756833113013e-06,0,0,True
73,0,-1.2911975383758545,0.1130762249231338,0.4384328424930572,0.1537874788045883,0.4906716346740722,0.165419265627861,0.4720149338245392,0.18286694586277,0.4757462739944458,0.165419265627861,0.4533582031726837,0.1596033722162246,0.4608208835124969,0.1479715853929519,0.4570895433425903,0.1421556919813156,0.4608208835124969,-1.2911959886550903,76.15399999849615,14,1.5497207641601562e-06,1.2002197325356488e-06,0,0,True
74,0,-2.3648521900177,0.1537874788045883,0.4906716346740722,0.165419265627861,0.4720149338245392,0.18286694586277,0.4757462739944458,0.165419265627861,0.4533582031726837,0.1596033722162246,0.4608208835124969,0.1479715853929519,0.4570895433425903,0.1421556919813156,0.4608208835124969,0.1770510524511337,0.4869402945041656,-2.364851236343384,76.01900006193318,14,9.5367431640625e-07,4.032701580385504e-07,0,0,True
75,0,-1.4430601596832275,0.165419265627861,0.4720149338245392,0.18286694586277,0.4757462739944458,0.165419265627861,0.4533582031726837,0.1596033722162246,0.4608208835124969,0.1479715853929519,0.4570895433425903,0.1421556919813156,0.4608208835124969,0.1770510524511337,0.4869402945041656,0.1324625313282013,0.4359452724456787,-1.443056344985962,76.450000051409,14,3.814697265625e-06,2.6434776402269887e-06,0,0,True
76,0,-1.592005491256714,0.18286694586277,0.4757462739944458,0.165419265627861,0.4533582031726837,0.1596033722162246,0.4608208835124969,0.1479715853929519,0.4570895433425903,0.1421556919813156,0.4608208835124969,0.1770510524511337,0.4869402945041656,0.1324625313282013,0.4359452724456787,0.141968086361885,0.4706507921218872,-1.5920034646987915,76.87999993777339,14,2.026557922585326e-06,1.2729591284170635e-06,0,0,True
77,0,-1.392070174217224,0.165419265627861,0.4533582031726837,0.1596033722162246,0.4608208835124969,0.1479715853929519,0.4570895433425903,0.1421556919813156,0.4608208835124969,0.1770510524511337,0.4869402945041656,0.1324625313282013,0.4359452724456787,0.141968086361885,0.4706507921218872,0.1684750914573669,0.4815585017204284,-1.3920685052871704,74.81199997982912,14,1.668930053488893e-06,1.1988835652106046e-06,0,0,True
78,0,-1.6246799230575562,0.1596033722162246,0.4608208835124969,0.1479715853929519,0.4570895433425903,0.1421556919813156,0.4608208835124969,0.1770510524511337,0.4869402945041656,0.1324625313282013,0.4359452724456787,0.141968086361885,0.4706507921218872,0.1684750914573669,0.4815585017204284,0.1392477452754974,0.4458006620407104,-1.6246792078018188,75.31699998253316,14,7.152557373046875e-07,4.402440918692566e-07,0,0,True
79,0,-1.5560718774795532,0.1479715853929519,0.4570895433425903,0.1421556919813156,0.4608208835124969,0.1770510524511337,0.4869402945041656,0.1324625313282013,0.4359452724456787,0.141968086361885,0.4706507921218872,0.1684750914573669,0.4815585017204284,0.1392477452754974,0.4458006620407104,0.1712351590394973,0.4850746393203735,-1.556071639060974,74.2459999401035,14,2.384185793236071e-07,1.5321823032351532e-07,0,0,True
80,0,-0.9830623269081116,0.1421556919813156,0.4608208835124969,0.1770510524511337,0.4869402945041656,0.1324625313282013,0.4359452724456787,0.141968086361885,0.4706507921218872,0.1684750914573669,0.4815585017204284,0.1392477452754974,0.4458006620407104,0.1712351590394973,0.4850746393203735,0.1799589991569519,0.4701492488384247,-0.9830628037452698,95.869999995557,14,4.76837158203125e-07,4.850528243746805e-07,0,0,True
81,0,-2.21487808227539,0.1770510524511337,0.4869402945041656,0.1324625313282013,0.4359452724456787,0.141968086361885,0.4706507921218872,0.1684750914573669,0.4815585017204284,0.1392477452754974,0.4458006620407104,0.1712351590394973,0.4850746393203735,0.1799589991569519,0.4701492488384247,0.1566954255104065,0.4496268630027771,-2.214873790740967,78.32599999346712,14,4.291534423384036e-06,1.937593973107203e-06,0,0,True
82,0,-1.3510980606079102,0.1324625313282013,0.4359452724456787,0.141968086361885,0.4706507921218872,0.1684750914573669,0.4815585017204284,0.1392477452754974,0.4458006620407104,0.1712351590394973,0.4850746393203735,0.1799589991569519,0.4701492488384247,0.1566954255104065,0.4496268630027771,0.1857748925685882,0.483208954334259,-1.3510968685150146,76.25900002494745,14,1.1920928955078125e-06,8.823141193552189e-07,0,0,True
83,0,-1.5989397764205933,0.141968086361885,0.4706507921218872,0.1684750914573669,0.4815585017204284,0.1392477452754974,0.4458006620407104,0.1712351590394973,0.4850746393203735,0.1799589991569519,0.4701492488384247,0.1566954255104065,0.4496268630027771,0.1857748925685882,0.483208954334259,0.1789896786212921,0.4601989984512329,-1.598939061164856,75.39700004599581,14,7.152557373046875e-07,4.4733125528083867e-07,0,0,True
84,0,-2.795217037200928,0.1684750914573669,0.4815585017204284,0.1392477452754974,0.4458006620407104,0.1712351590394973,0.4850746393203735,0.1799589991569519,0.4701492488384247,0.1566954255104065,0.4496268630027771,0.1857748925685882,0.483208954334259,0.1789896786212921,0.4601989984512329,0.1819437891244888,0.4664475321769714,-2.7952167987823486,76.37500004875619,14,2.384185795456517e-07,8.529519403058558e-08,0,0,True
85,0,-1.510262131690979,0.1392477452754974,0.4458006620407104,0.1712351590394973,0.4850746393203735,0.1799589991569519,0.4701492488384247,0.1566954255104065,0.4496268630027771,0.1857748925685882,0.483208954334259,0.1789896786212921,0.4601989984512329,0.1819437891244888,0.4664475321769714,0.1886828392744064,0.4688758552074432,-1.5102603435516355,74.57200001681485,14,1.7881393434837634e-06,1.1839927029631978e-06,0,0,True
86,0,-2.3186206817626958,0.1712351590394973,0.4850746393203735,0.1799589991569519,0.4701492488384247,0.1566954255104065,0.4496268630027771,0.1857748925685882,0.483208954334259,0.1789896786212921,0.4601989984512329,0.1819437891244888,0.4664475321769714,0.1886828392744064,0.4688758552074432,0.1741431057453155,0.4552238881587982,-2.3186209201812744,74.36999999299587,14,2.384185786574733e-07,1.028277633046123e-07,0,0,True
87,0,-2.6570818424224854,0.1799589991569519,0.4701492488384247,0.1566954255104065,0.4496268630027771,0.1857748925685882,0.483208954334259,0.1789896786212921,0.4601989984512329,0.1819437891244888,0.4664475321769714,0.1886828392744064,0.4688758552074432,0.1741431057453155,0.4552238881587982,0.2003146260976791,0.4813432693481445,-2.657081127166748,75.08299995606649,14,7.152557373046875e-07,2.6918844797516e-07,0,0,True
88,0,-1.582176923751831,0.1566954255104065,0.4496268630027771,0.1857748925685882,0.483208954334259,0.1789896786212921,0.4601989984512329,0.1819437891244888,0.4664475321769714,0.1886828392744064,0.4688758552074432,0.1741431057453155,0.4552238881587982,0.2003146260976791,0.4813432693481445,0.1596033722162246,0.4384328424930572,-1.5821763277053833,75.9270000116885,14,5.960464477539062e-07,3.767255348033365e-07,0,0,True
89,0,-2.1258304119110107,0.1857748925685882,0.483208954334259,0.1789896786212921,0.4601989984512329,0.1819437891244888,0.4664475321769714,0.1886828392744064,0.4688758552074432,0.1741431057453155,0.4552238881587982,0.2003146260976791,0.4813432693481445,0.1596033722162246,0.4384328424930572,0.1683272123336792,0.4701492488384247,-2.125826597213745,95.77900004842375,14,3.814697265625e-06,1.7944504153535869e-06,0,0,True
90,0,-1.7324427366256714,0.1789896786212921,0.4601989984512329,0.1819437891244888,0.4664475321769714,0.1886828392744064,0.4688758552074432,0.1741431057453155,0.4552238881587982,0.2003146260976791,0.4813432693481445,0.1596033722162246,0.4384328424930572,0.1683272123336792,0.4701492488384247,0.1799589991569519,0.4720149338245392,-1.732441782951355,76.5910000382064,14,9.5367431640625e-07,5.504795605907004e-07,0,0,True
91,0,-0.7612640261650085,0.1819437891244888,0.4664475321769714,0.1886828392744064,0.4688758552074432,0.1741431057453155,0.4552238881587982,0.2003146260976791,0.4813432693481445,0.1596033722162246,0.4384328424930572,0.1683272123336792,0.4701492488384247,0.1799589991569519,0.4720149338245392,0.115984171628952,0.4235074520111084,-0.7612639665603638,76.1789999614848,14,5.960464477539063e-08,7.829694130649878e-08,0,0,True
92,0,-0.6928606629371643,0.1886828392744064,0.4688758552074432,0.1741431057453155,0.4552238881587982,0.2003146260976791,0.4813432693481445,0.1596033722162246,0.4384328424930572,0.1683272123336792,0.4701492488384247,0.1799589991569519,0.4720149338245392,0.115984171628952,0.4235074520111084,0.1596033722162246,0.4925373196601867,-0.6928611397743225,74.94700003007893,14,4.76837158203125e-07,6.882150823539675e-07,0,0,True
93,0,-0.3762035369873047,0.1741431057453155,0.4552238881587982,0.2003146260976791,0.4813432693481445,0.1596033722162246,0.4384328424930572,0.1683272123336792,0.4701492488384247,0.1799589991569519,0.4720149338245392,0.115984171628952,0.4235074520111084,0.1596033722162246,0.4925373196601867,0.1625113189220428,0.466417908668518,-0.3762028813362121,74.08600004055188,14,6.55651092584808e-07,1.7428094850871473e-06,0,0,True
94,0,-1.0119447708129885,0.2003146260976791,0.4813432693481445,0.1596033722162246,0.4384328424930572,0.1683272123336792,0.4701492488384247,0.1799589991569519,0.4720149338245392,0.115984171628952,0.4235074520111084,0.1596033722162246,0.4925373196601867,0.1625113189220428,0.466417908668518,0.1596033722162246,0.4626865684986114,-1.0119428634643557,74.00000004054164,14,1.9073486328125e-06,1.8848347141318306e-06,0,0,True
95,0,-0.6431214809417725,0.1596033722162246,0.4384328424930572,0.1683272123336792,0.4701492488384247,0.1799589991569519,0.4720149338245392,0.115984171628952,0.4235074520111084,0.1596033722162246,0.4925373196601867,0.1625113189220428,0.466417908668518,0.1596033722162246,0.4626865684986114,0.2032225728034973,0.4925373196601867,-0.6431211829185486,74.40000001679437,14,2.980232238769531e-07,4.634011344801214e-07,0,0,True
96,0,-0.8353219032287598,0.1683272123336792,0.4701492488384247,0.1799589991569519,0.4720149338245392,0.115984171628952,0.4235074520111084,0.1596033722162246,0.4925373196601867,0.1625113189220428,0.466417908668518,0.1596033722162246,0.4626865684986114,0.2032225728034973,0.4925373196601867,0.1770510524511337,0.447761207818985,-0.8353195190429688,74.51099997979327,14,2.384185791015625e-06,2.8542119891745446e-06,0,0,True
97,0,-1.6834962368011477,0.1799589991569519,0.4720149338245392,0.115984171628952,0.4235074520111084,0.1596033722162246,0.4925373196601867,0.1625113189220428,0.466417908668518,0.1596033722162246,0.4626865684986114,0.2032225728034973,0.4925373196601867,0.1770510524511337,0.447761207818985,0.2061305195093155,0.483208954334259,-1.6834969520568848,74.04300004054676,14,7.152557370826429e-07,4.248632824043122e-07,0,0,True
98,0,-0.6492395997047424,0.115984171628952,0.4235074520111084,0.1596033722162246,0.4925373196601867,0.1625113189220428,0.466417908668518,0.1596033722162246,0.4626865684986114,0.2032225728034973,0.4925373196601867,0.1770510524511337,0.447761207818985,0.2061305195093155,0.483208954334259,0.1770510524511337,0.4458955228328705,-0.6492388248443604,75.51400005922915,14,7.748603820800781e-07,1.1934890946770111e-06,0,0,True
99,0,-2.6606192588806152,0.1596033722162246,0.4925373196601867,0.1625113189220428,0.466417908668518,0.1596033722162246,0.4626865684986114,0.2032225728034973,0.4925373196601867,0.1770510524511337,0.447761207818985,0.2061305195093155,0.483208954334259,0.1770510524511337,0.4458955228328705,0.18286694586277,0.4682835936546325,-2.660620212554932,76.4860000117551,14,9.536743168503392e-07,3.5844073279826305e-07,0,0,True
100,1,-5.826986312866211,0.2671974003314972,0.4682835936546325,0.2701053619384765,0.466417908668518,0.2584735751152038,0.4570895433425903,0.2875530421733856,0.483208954334259,0.2671974003314972,0.4514925479888916,0.3079086542129516,0.4906716346740722,0.2671974003314972,0.4384328424930572,0.2497497200965881,0.4533582031726837,-5.826998710632324,74.38700004058774,14,1.239776611328125e-05,2.127646341970377e-06,0,0,True
101,1,-4.711752414703369,0.2701053619384765,0.466417908668518,0.2584735751152038,0.4570895433425903,0.2875530421733856,0.483208954334259,0.2671974003314972,0.4514925479888916,0.3079086542129516,0.4906716346740722,0.2671974003314972,0.4384328424930572,0.2497497200965881,0.4533582031726837,0.3282642960548401,0.5149253606796265,-4.711757183074951,75.26100000632141,14,4.76837158203125e-06,1.012016583713354e-06,0,0,True
102,1,1.5750722885131836,0.2584735751152038,0.4570895433425903,0.2875530421733856,0.483208954334259,0.2671974003314972,0.4514925479888916,0.3079086542129516,0.4906716346740722,0.2671974003314972,0.4384328424930572,0.2497497200965881,0.4533582031726837,0.3282642960548401,0.5149253606796265,0.5841636061668396,0.628731369972229,1.5750646591186523,75.9260000222639,14,7.62939453125e-06,4.843837699952106e-06,1,1,True
103,1,2.662060022354126,0.2875530421733856,0.483208954334259,0.2671974003314972,0.4514925479888916,0.3079086542129516,0.4906716346740722,0.2671974003314972,0.4384328424930572,0.2497497200965881,0.4533582031726837,0.3282642960548401,0.5149253606796265,0.5841636061668396,0.628731369972229,0.2991848289966583,0.2817164063453674,2.662059783935547,75.30400000632653,14,2.384185791015625e-07,8.956168422180166e-08,1,1,True
104,1,3.420453786849976,0.2671974003314972,0.4514925479888916,0.3079086542129516,0.4906716346740722,0.2671974003314972,0.4384328424930572,0.2497497200965881,0.4533582031726837,0.3282642960548401,0.5149253606796265,0.5841636061668396,0.628731369972229,0.2991848289966583,0.2817164063453674,0.2904609739780426,0.4589552283287048,3.420453786849976,75.14499998251267,14,0.0,0.0,1,1,True
105,1,1.999419093132019,0.3079086542129516,0.4906716346740722,0.2671974003314972,0.4384328424930572,0.2497497200965881,0.4533582031726837,0.3282642960548401,0.5149253606796265,0.5841636061668396,0.628731369972229,0.2991848289966583,0.2817164063453674,0.2904609739780426,0.4589552283287048,0.3486199080944061,0.5018656849861145,1.9994165897369385,76.69499996154627,14,2.5033950805664062e-06,1.2520612057599823e-06,1,1,True
106,1,4.18699836730957,0.2671974003314972,0.4384328424930572,0.2497497200965881,0.4533582031726837,0.3282642960548401,0.5149253606796265,0.5841636061668396,0.628731369972229,0.2991848289966583,0.2817164063453674,0.2904609739780426,0.4589552283287048,0.3486199080944061,0.5018656849861145,0.8226152658462524,0.7686567306518555,4.186995983123779,75.51399994554231,14,2.384185791015625e-06,5.694260140224572e-07,1,1,True
107,1,4.208445072174072,0.2497497200965881,0.4533582031726837,0.3282642960548401,0.5149253606796265,0.5841636061668396,0.628731369972229,0.2991848289966583,0.2817164063453674,0.2904609739780426,0.4589552283287048,0.3486199080944061,0.5018656849861145,0.8226152658462524,0.7686567306518555,0.8968371152877808,0.5121712684631348,4.208444118499756,73.57499998761341,14,9.5367431640625e-07,2.2660966225076194e-07,1,1,True
108,1,3.700891971588135,0.3282642960548401,0.5149253606796265,0.5841636061668396,0.628731369972229,0.2991848289966583,0.2817164063453674,0.2904609739780426,0.4589552283287048,0.3486199080944061,0.5018656849861145,0.8226152658462524,0.7686567306518555,0.8968371152877808,0.5121712684631348,0.3309783637523651,0.1015103161334991,3.7008893489837646,76.07999998526793,14,2.6226043705612767e-06,7.086411575088096e-07,1,1,True
109,1,3.204763650894165,0.5841636061668396,0.628731369972229,0.2991848289966583,0.2817164063453674,0.2904609739780426,0.4589552283287048,0.3486199080944061,0.5018656849861145,0.8226152658462524,0.7686567306518555,0.8968371152877808,0.5121712684631348,0.3309783637523651,0.1015103161334991,0.2410258799791336,0.4068408012390136,3.2047595977783203,74.16599999032769,14,4.0531158447265625e-06,1.2647159935166194e-06,1,1,True
110,1,3.453118085861206,0.2991848289966583,0.2817164063453674,0.2904609739780426,0.4589552283287048,0.3486199080944061,0.5018656849861145,0.8226152658462524,0.7686567306518555,0.8968371152877808,0.5121712684631348,0.3309783637523651,0.1015103161334991,0.2410258799791336,0.4068408012390136,0.2526576817035675,0.4720149338245392,3.4531168937683105,75.81599993500276,14,1.1920928955078125e-06,3.4522216323526195e-07,1,1,True
111,1,4.031646728515625,0.2904609739780426,0.4589552283287048,0.3486199080944061,0.5018656849861145,0.8226152658462524,0.7686567306518555,0.8968371152877808,0.5121712684631348,0.3309783637523651,0.1015103161334991,0.2410258799791336,0.4068408012390136,0.2526576817035675,0.4720149338245392,0.2817371487617492,0.483208954334259,4.031644821166992,73.96900002731854,14,1.9073486328125e-06,4.730941873755762e-07,1,1,True
112,1,3.816507577896118,0.3486199080944061,0.5018656849861145,0.8226152658462524,0.7686567306518555,0.8968371152877808,0.5121712684631348,0.3309783637523651,0.1015103161334991,0.2410258799791336,0.4068408012390136,0.2526576817035675,0.4720149338245392,0.2817371487617492,0.483208954334259,0.310816615819931,0.483208954334259,3.8165066242218018,75.54500007245224,14,9.5367431640625e-07,2.4988141565068527e-07,1,1,True
113,1,5.109981060028076,0.8226152658462524,0.7686567306518555,0.8968371152877808,0.5121712684631348,0.3309783637523651,0.1015103161334991,0.2410258799791336,0.4068408012390136,0.2526576817035675,0.4720149338245392,0.2817371487617492,0.483208954334259,0.310816615819931,0.483208954334259,0.2526576817035675,0.427238792181015,5.109983921051025,73.26200000079552,14,2.86102294921875e-06,5.598891494136048e-07,1,1,True
114,1,3.7424333095550537,0.8968371152877808,0.5121712684631348,0.3309783637523651,0.1015103161334991,0.2410258799791336,0.4068408012390136,0.2526576817035675,0.4720149338245392,0.2817371487617492,0.483208954334259,0.310816615819931,0.483208954334259,0.2526576817035675,0.427238792181015,0.3806073367595672,0.5466417670249939,3.742428541183472,74.72000004327128,14,4.768371581587161e-06,1.2741366878636731e-06,1,1,True
115,1,2.5197792053222656,0.3309783637523651,0.1015103161334991,0.2410258799791336,0.4068408012390136,0.2526576817035675,0.4720149338245392,0.2817371487617492,0.483208954334259,0.310816615819931,0.483208954334259,0.2526576817035675,0.427238792181015,0.3806073367595672,0.5466417670249939,0.4387662708759308,0.5018656849861145,2.5197768211364746,74.36299995333684,14,2.384185791015625e-06,9.461883747511524e-07,1,1,True
116,1,1.2200579643249512,0.2410258799791336,0.4068408012390136,0.2526576817035675,0.4720149338245392,0.2817371487617492,0.483208954334259,0.310816615819931,0.483208954334259,0.2526576817035675,0.427238792181015,0.3806073367595672,0.5466417670249939,0.4387662708759308,0.5018656849861145,0.4503980576992035,0.4720149338245392,1.220058798789978,75.3230000327676,14,8.344650268554688e-07,6.839552310263979e-07,1,1,True
117,1,2.037027359008789,0.2526576817035675,0.4720149338245392,0.2817371487617492,0.483208954334259,0.310816615819931,0.483208954334259,0.2526576817035675,0.427238792181015,0.3806073367595672,0.5466417670249939,0.4387662708759308,0.5018656849861145,0.4503980576992035,0.4720149338245392,0.5405443906784058,0.5223880410194397,2.037023067474365,75.53799991910637,14,4.291534424272214e-06,2.106763272124367e-06,1,1,True
118,1,2.091481685638428,0.2817371487617492,0.483208954334259,0.310816615819931,0.483208954334259,0.2526576817035675,0.427238792181015,0.3806073367595672,0.5466417670249939,0.4387662708759308,0.5018656849861145,0.4503980576992035,0.4720149338245392,0.5405443906784058,0.5223880410194397,0.3050007224082947,0.3134328424930572,2.091481685638428,74.67700004326616,14,0.0,0.0,1,1,True
119,1,2.086941957473755,0.310816615819931,0.483208954334259,0.2526576817035675,0.427238792181015,0.3806073367595672,0.5466417670249939,0.4387662708759308,0.5018656849861145,0.4503980576992035,0.4720149338245392,0.5405443906784058,0.5223880410194397,0.3050007224082947,0.3134328424930572,0.2646587193012237,0.438669741153717,2.0869412422180176,75.48299993231922,14,7.152557373046875e-07,3.4272909926565723e-07,1,1,True
120,1,2.4530482292175293,0.2526576817035675,0.427238792181015,0.3806073367595672,0.5466417670249939,0.4387662708759308,0.5018656849861145,0.4503980576992035,0.4720149338245392,0.5405443906784058,0.5223880410194397,0.3050007224082947,0.3134328424930572,0.2646587193012237,0.438669741153717,0.2720440030097961,0.4692904651165008,2.4530460834503174,74.99100001950865,14,2.1457672119140625e-06,8.747350281810468e-07,1,1,True
121,1,2.8816940784454346,0.3806073367595672,0.5466417670249939,0.4387662708759308,0.5018656849861145,0.4503980576992035,0.4720149338245392,0.5405443906784058,0.5223880410194397,0.3050007224082947,0.3134328424930572,0.2646587193012237,0.438669741153717,0.2720440030097961,0.4692904651165008,0.2590363919734955,0.4562068581581116,2.881692409515381,74.03699999031232,14,1.6689300537109375e-06,5.791489340226088e-07,1,1,True
122,1,0.3611602187156677,0.4387662708759308,0.5018656849861145,0.4503980576992035,0.4720149338245392,0.5405443906784058,0.5223880410194397,0.3050007224082947,0.3134328424930572,0.2646587193012237,0.438669741153717,0.2720440030097961,0.4692904651165008,0.2590363919734955,0.4562068581581116,0.3631596565246582,0.5313553214073181,0.3611628413200378,76.77500002500892,14,2.6226043700616763e-06,7.261609208755038e-06,1,1,True
123,1,0.3874715864658355,0.4503980576992035,0.4720149338245392,0.5405443906784058,0.5223880410194397,0.3050007224082947,0.3134328424930572,0.2646587193012237,0.438669741153717,0.2720440030097961,0.4692904651165008,0.2590363919734955,0.4562068581581116,0.3631596565246582,0.5313553214073181,0.3457119762897491,0.4533582031726837,0.3874710202217102,74.412999993001,14,5.662441253106998e-07,1.4613823183151705e-06,1,1,True
124,1,2.9006519317626958,0.5405443906784058,0.5223880410194397,0.3050007224082947,0.3134328424930572,0.2646587193012237,0.438669741153717,0.2720440030097961,0.4692904651165008,0.2590363919734955,0.4562068581581116,0.3631596565246582,0.5313553214073181,0.3457119762897491,0.4533582031726837,0.2715354859828949,0.4169623255729675,2.90065336227417,74.30799996654969,14,1.4305114741652858e-06,4.931689522968648e-07,1,1,True
125,1,2.2748711109161377,0.3050007224082947,0.3134328424930572,0.2646587193012237,0.438669741153717,0.2720440030097961,0.4692904651165008,0.2590363919734955,0.4562068581581116,0.3631596565246582,0.5313553214073181,0.3457119762897491,0.4533582031726837,0.2715354859828949,0.4169623255729675,0.331078439950943,0.5027536153793335,2.2748751640319824,73.3299999637893,14,4.0531158447265625e-06,1.78169032314727e-06,1,1,True
126,1,-3.2937986850738525,0.2646587193012237,0.438669741153717,0.2720440030097961,0.4692904651165008,0.2590363919734955,0.4562068581581116,0.3631596565246582,0.5313553214073181,0.3457119762897491,0.4533582031726837,0.2715354859828949,0.4169623255729675,0.331078439950943,0.5027536153793335,0.2671974003314972,0.4235676527023315,-3.29380464553833,74.86700008030311,14,5.9604644775390625e-06,1.8096019360713962e-06,0,0,True
127,1,-2.540274143218994,0.2720440030097961,0.4692904651165008,0.2590363919734955,0.4562068581581116,0.3631596565246582,0.5313553214073181,0.3457119762897491,0.4533582031726837,0.2715354859828949,0.4169623255729675,0.331078439950943,0.5027536153793335,0.2671974003314972,0.4235676527023315,0.2206702530384063,0.4347015023231506,-2.540276527404785,75.69900003545627,14,2.384185791015625e-06,9.385545246681224e-07,0,0,True
128,1,-0.8942363262176514,0.2590363919734955,0.4562068581581116,0.3631596565246582,0.5313553214073181,0.3457119762897491,0.4533582031726837,0.2715354859828949,0.4169623255729675,0.331078439950943,0.5027536153793335,0.2671974003314972,0.4235676527023315,0.2206702530384063,0.4347015023231506,0.2526576817035675,0.4850746393203735,-0.8942386507987976,73.89500001409033,14,2.3245811462402344e-06,2.5995154503200605e-06,0,0,True
129,1,0.5794082880020142,0.3631596565246582,0.5313553214073181,0.3457119762897491,0.4533582031726837,0.2715354859828949,0.4169623255729675,0.331078439950943,0.5027536153793335,0.2671974003314972,0.4235676527023315,0.2206702530384063,0.4347015023231506,0.2526576817035675,0.4850746393203735,0.5870715379714966,0.6791045069694519,0.5794097185134888,75.66800002223317,14,1.430511474609375e-06,2.4689178671265437e-06,1,1,True
130,1,2.1979353427886963,0.3457119762897491,0.4533582031726837,0.2715354859828949,0.4169623255729675,0.331078439950943,0.5027536153793335,0.2671974003314972,0.4235676527023315,0.2206702530384063,0.4347015023231506,0.2526576817035675,0.4850746393203735,0.5870715379714966,0.6791045069694519,0.3010609149932861,0.2810544073581695,2.197934865951538,74.21500004056725,14,4.76837158203125e-07,2.169477640766828e-07,1,1,True
131,1,3.867819309234619,0.2715354859828949,0.4169623255729675,0.331078439950943,0.5027536153793335,0.2671974003314972,0.4235676527023315,0.2206702530384063,0.4347015023231506,0.2526576817035675,0.4850746393203735,0.5870715379714966,0.6791045069694519,0.3010609149932861,0.2810544073581695,0.3515278697013855,0.4969306886196136,3.86781907081604,74.99699995605624,14,2.384185791015625e-07,6.16416021638668e-08,1,1,True
132,1,2.080648183822632,0.331078439950943,0.5027536153793335,0.2671974003314972,0.4235676527023315,0.2206702530384063,0.4347015023231506,0.2526576817035675,0.4850746393203735,0.5870715379714966,0.6791045069694519,0.3010609149932861,0.2810544073581695,0.3515278697013855,0.4969306886196136,0.3001079857349396,0.4315624237060547,2.0806472301483154,74.1049999533061,14,9.5367431640625e-07,4.583544319607795e-07,1,1,True
133,1,3.576423406600952,0.2671974003314972,0.4235676527023315,0.2206702530384063,0.4347015023231506,0.2526576817035675,0.4850746393203735,0.5870715379714966,0.6791045069694519,0.3010609149932861,0.2810544073581695,0.3515278697013855,0.4969306886196136,0.3001079857349396,0.4315624237060547,0.3980550169944763,0.5273928046226501,3.576422691345215,73.79099997706362,14,7.152557373046875e-07,1.9999190699416364e-07,1,1,True
134,1,4.748122692108154,0.2206702530384063,0.4347015023231506,0.2526576817035675,0.4850746393203735,0.5870715379714966,0.6791045069694519,0.3010609149932861,0.2810544073581695,0.3515278697013855,0.4969306886196136,0.3001079857349396,0.4315624237060547,0.3980550169944763,0.5273928046226501,0.4736616313457489,0.513059675693512,4.74812126159668,73.64300006429403,14,1.430511474609375e-06,3.0127938289948265e-07,1,1,True
135,1,4.139200687408447,0.2526576817035675,0.4850746393203735,0.5870715379714966,0.6791045069694519,0.3010609149932861,0.2810544073581695,0.3515278697013855,0.4969306886196136,0.3001079857349396,0.4315624237060547,0.3980550169944763,0.5273928046226501,0.4736616313457489,0.513059675693512,0.9175158739089966,0.7493188977241516,4.139198303222656,74.28300000356103,14,2.384185791015625e-06,5.76001496682289e-07,1,1,True
136,1,2.550322771072388,0.5870715379714966,0.6791045069694519,0.3010609149932861,0.2810544073581695,0.3515278697013855,0.4969306886196136,0.3001079857349396,0.4315624237060547,0.3980550169944763,0.5273928046226501,0.4736616313457489,0.513059675693512,0.9175158739089966,0.7493188977241516,0.4153180718421936,0.1423537135124206,2.550319194793701,74.70099990314338,14,3.5762786869675267e-06,1.4022847333413148e-06,1,1,True
137,1,3.428969144821167,0.3010609149932861,0.2810544073581695,0.3515278697013855,0.4969306886196136,0.3001079857349396,0.4315624237060547,0.3980550169944763,0.5273928046226501,0.4736616313457489,0.513059675693512,0.9175158739089966,0.7493188977241516,0.4153180718421936,0.1423537135124206,0.2439799755811691,0.3546256721019745,3.428967237472534,77.91999996697996,14,1.9073486328125e-06,5.562454931078054e-07,1,1,True
138,1,2.7596993446350098,0.3515278697013855,0.4969306886196136,0.3001079857349396,0.4315624237060547,0.3980550169944763,0.5273928046226501,0.4736616313457489,0.513059675693512,0.9175158739089966,0.7493188977241516,0.4153180718421936,0.1423537135124206,0.2439799755811691,0.3546256721019745,0.5260046720504761,0.6454927921295166,2.7596981525421143,73.9080001039838,14,1.1920928955078125e-06,4.3196477102670595e-07,1,1,True
139,1,3.936865091323853,0.3001079857349396,0.4315624237060547,0.3980550169944763,0.5273928046226501,0.4736616313457489,0.513059675693512,0.9175158739089966,0.7493188977241516,0.4153180718421936,0.1423537135124206,0.2439799755811691,0.3546256721019745,0.5260046720504761,0.6454927921295166,0.4416742026805877,0.410447746515274,3.936864137649536,75.96900002226903,14,9.536743168503392e-07,2.422420618253003e-07,1,1,True
140,1,2.9333901405334477,0.3980550169944763,0.5273928046226501,0.4736616313457489,0.513059675693512,0.9175158739089966,0.7493188977241516,0.4153180718421936,0.1423537135124206,0.2439799755811691,0.3546256721019745,0.5260046720504761,0.6454927921295166,0.4416742026805877,0.410447746515274,0.4213185906410217,0.4514925479888916,2.93338942527771,76.60900007522287,14,7.152557377487767e-07,2.438324612418261e-07,1,1,True
141,1,3.3998847007751465,0.4736616313457489,0.513059675693512,0.9175158739089966,0.7493188977241516,0.4153180718421936,0.1423537135124206,0.2439799755811691,0.3546256721019745,0.5260046720504761,0.6454927921295166,0.4416742026805877,0.410447746515274,0.4213185906410217,0.4514925479888916,0.2788291871547699,0.3731343150138855,3.3998842239379883,157.44700010600354,14,4.76837158203125e-07,1.4025097912714804e-07,1,1,True
142,1,4.441107273101807,0.9175158739089966,0.7493188977241516,0.4153180718421936,0.1423537135124206,0.2439799755811691,0.3546256721019745,0.5260046720504761,0.6454927921295166,0.4416742026805877,0.410447746515274,0.4213185906410217,0.4514925479888916,0.2788291871547699,0.3731343150138855,0.3253563344478607,0.4944029748439789,4.441110134124756,74.67099999303173,14,2.86102294921875e-06,6.442138802966863e-07,1,1,True
143,1,2.406812191009521,0.4153180718421936,0.1423537135124206,0.2439799755811691,0.3546256721019745,0.5260046720504761,0.6454927921295166,0.4416742026805877,0.410447746515274,0.4213185906410217,0.4514925479888916,0.2788291871547699,0.3731343150138855,0.3253563344478607,0.4944029748439789,0.3253563344478607,0.4645522534847259,2.406810998916626,74.55399997979839,14,1.1920928950637233e-06,4.952995084189382e-07,1,1,True
144,1,3.3549420833587646,0.2439799755811691,0.3546256721019745,0.5260046720504761,0.6454927921295166,0.4416742026805877,0.410447746515274,0.4213185906410217,0.4514925479888916,0.2788291871547699,0.3731343150138855,0.3253563344478607,0.4944029748439789,0.3253563344478607,0.4645522534847259,0.5783477425575256,0.6268656849861145,3.35494327545166,73.03999996111088,14,1.1920928955078125e-06,3.5532443359331e-07,1,1,True
145,1,3.399644136428833,0.5260046720504761,0.6454927921295166,0.4416742026805877,0.410447746515274,0.4213185906410217,0.4514925479888916,0.2788291871547699,0.3731343150138855,0.3253563344478607,0.4944029748439789,0.3253563344478607,0.4645522534847259,0.5783477425575256,0.6268656849861145,0.2817371487617492,0.2742537260055542,3.39963960647583,75.09499994284852,14,4.5299530029296875e-06,1.3324785833873163e-06,1,1,True
146,1,2.1204216480255127,0.4416742026805877,0.410447746515274,0.4213185906410217,0.4514925479888916,0.2788291871547699,0.3731343150138855,0.3253563344478607,0.4944029748439789,0.3253563344478607,0.4645522534847259,0.5783477425575256,0.6268656849861145,0.2817371487617492,0.2742537260055542,0.4213185906410217,0.5541045069694519,2.1204216480255127,74.58400000359688,14,0.0,0.0,1,1,True
147,1,0.8603934049606323,0.4213185906410217,0.4514925479888916,0.2788291871547699,0.3731343150138855,0.3253563344478607,0.4944029748439789,0.3253563344478607,0.4645522534847259,0.5783477425575256,0.6268656849861145,0.2817371487617492,0.2742537260055542,0.4213185906410217,0.5541045069694519,0.3369881212711334,0.410447746515274,0.8603929877281189,75.86499998524232,14,4.172325134277344e-07,4.849322542713179e-07,1,1,True
148,1,3.8337109088897705,0.2788291871547699,0.3731343150138855,0.3253563344478607,0.4944029748439789,0.3253563344478607,0.4645522534847259,0.5783477425575256,0.6268656849861145,0.2817371487617492,0.2742537260055542,0.4213185906410217,0.5541045069694519,0.3369881212711334,0.410447746515274,0.5201888084411621,0.5820895433425903,3.833711862564087,76.06199994825147,14,9.5367431640625e-07,2.4876010191452613e-07,1,1,True
149,1,2.345323085784912,0.3253563344478607,0.4944029748439789,0.3253563344478607,0.4645522534847259,0.5783477425575256,0.6268656849861145,0.2817371487617492,0.2742537260055542,0.4213185906410217,0.5541045069694519,0.3369881212711334,0.410447746515274,0.5201888084411621,0.5820895433425903,0.4038709104061126,0.3899253606796264,2.3453218936920166,74.2769999533266,14,1.1920928955078125e-06,5.082851495954356e-07,1,1,True
150,1,3.1741280555725098,0.3253563344478607,0.4645522534847259,0.5783477425575256,0.6268656849861145,0.2817371487617492,0.2742537260055542,0.4213185906410217,0.5541045069694519,0.3369881212711334,0.410447746515274,0.5201888084411621,0.5820895433425903,0.4038709104061126,0.3899253606796264,0.4474900960922241,0.4925373196601867,3.174127578735352,75.0710000829713,14,4.768371577590358e-07,1.5022618792014357e-07,1,1,True
151,1,3.8045597076416016,0.5783477425575256,0.6268656849861145,0.2817371487617492,0.2742537260055542,0.4213185906410217,0.5541045069694519,0.3369881212711334,0.410447746515274,0.5201888084411621,0.5820895433425903,0.4038709104061126,0.3899253606796264,0.4474900960922241,0.4925373196601867,0.2584735751152038,0.3432835936546325,3.804554224014282,75.77899998523208,14,5.483627319780027e-06,1.4413303354829614e-06,1,1,True
152,1,3.857223033905029,0.2817371487617492,0.2742537260055542,0.4213185906410217,0.5541045069694519,0.3369881212711334,0.410447746515274,0.5201888084411621,0.5820895433425903,0.4038709104061126,0.3899253606796264,0.4474900960922241,0.4925373196601867,0.2584735751152038,0.3432835936546325,0.2352099865674972,0.4496268630027771,3.857222318649292,74.2459999401035,14,7.152557368605983e-07,1.854328180075389e-07,1,1,True
153,1,1.8741388320922847,0.4213185906410217,0.5541045069694519,0.3369881212711334,0.410447746515274,0.5201888084411621,0.5820895433425903,0.4038709104061126,0.3899253606796264,0.4474900960922241,0.4925373196601867,0.2584735751152038,0.3432835936546325,0.2352099865674972,0.4496268630027771,0.2962768673896789,0.503731369972229,1.8741428852081297,75.0219999190449,14,4.053115844948607e-06,2.162655068847657e-06,1,1,True
154,1,1.6149812936782837,0.3369881212711334,0.410447746515274,0.5201888084411621,0.5820895433425903,0.4038709104061126,0.3899253606796264,0.4474900960922241,0.4925373196601867,0.2584735751152038,0.3432835936546325,0.2352099865674972,0.4496268630027771,0.2962768673896789,0.503731369972229,0.5056490302085876,0.5988805890083313,1.6149824857711792,74.88000005650974,14,1.1920928955078125e-06,7.381465656439277e-07,1,1,True
155,1,3.5556325912475586,0.5201888084411621,0.5820895433425903,0.4038709104061126,0.3899253606796264,0.4474900960922241,0.4925373196601867,0.2584735751152038,0.3432835936546325,0.2352099865674972,0.4496268630027771,0.2962768673896789,0.503731369972229,0.5056490302085876,0.5988805890083313,0.2381179332733154,0.2929104566574096,3.555628538131714,74.32600000356615,14,4.0531158447265625e-06,1.139914133621003e-06,1,1,True
156,1,2.869457721710205,0.4038709104061126,0.3899253606796264,0.4474900960922241,0.4925373196601867,0.2584735751152038,0.3432835936546325,0.2352099865674972,0.4496268630027771,0.2962768673896789,0.503731369972229,0.5056490302085876,0.5988805890083313,0.2381179332733154,0.2929104566574096,0.2410258799791336,0.466417908668518,2.869457244873047,75.36600003277272,14,4.76837158203125e-07,1.661767499118017e-07,1,1,True
157,1,2.5563220977783203,0.4474900960922241,0.4925373196601867,0.2584735751152038,0.3432835936546325,0.2352099865674972,0.4496268630027771,0.2962768673896789,0.503731369972229,0.5056490302085876,0.5988805890083313,0.2381179332733154,0.2929104566574096,0.2410258799791336,0.466417908668518,0.2381179332733154,0.4626865684986114,2.556323289871216,74.34999997713021,14,1.1920928955078125e-06,4.66331256356095e-07,1,1,True
158,1,3.606822013854981,0.2584735751152038,0.3432835936546325,0.2352099865674972,0.4496268630027771,0.2962768673896789,0.503731369972229,0.5056490302085876,0.5988805890083313,0.2381179332733154,0.2929104566574096,0.2410258799791336,0.466417908668518,0.2381179332733154,0.4626865684986114,0.313724547624588,0.513059675693512,3.606824636459351,72.59699998485303,14,2.6226043701171875e-06,7.271233124459449e-07,1,1,True
159,1,3.2806496620178223,0.2352099865674972,0.4496268630027771,0.2962768673896789,0.503731369972229,0.5056490302085876,0.5988805890083313,0.2381179332733154,0.2929104566574096,0.2410258799791336,0.466417908668518,0.2381179332733154,0.4626865684986114,0.313724547624588,0.513059675693512,0.2381179332733154,0.4160447716712951,3.2806496620178223,75.39099999576138,14,0.0,0.0,1,1,True
160,1,3.1223535537719727,0.2962768673896789,0.503731369972229,0.5056490302085876,0.5988805890083313,0.2381179332733154,0.2929104566574096,0.2410258799791336,0.466417908668518,0.2381179332733154,0.4626865684986114,0.313724547624588,0.513059675693512,0.2381179332733154,0.4160447716712951,0.3515278697013855,0.5373134613037109,3.122351884841919,73.93200007754785,14,1.6689300537109375e-06,5.345102740510534e-07,1,1,True
161,1,4.749699115753174,0.5056490302085876,0.5988805890083313,0.2381179332733154,0.2929104566574096,0.2410258799791336,0.466417908668518,0.2381179332733154,0.4626865684986114,0.313724547624588,0.513059675693512,0.2381179332733154,0.4160447716712951,0.3515278697013855,0.5373134613037109,0.2817371487617492,0.4197761118412018,4.749695301055908,73.9930000008826,14,3.814697265625e-06,8.031450356450826e-07,1,1,True
162,1,4.5672287940979,0.2381179332733154,0.2929104566574096,0.2410258799791336,0.466417908668518,0.2381179332733154,0.4626865684986114,0.313724547624588,0.513059675693512,0.2381179332733154,0.4160447716712951,0.3515278697013855,0.5373134613037109,0.2817371487617492,0.4197761118412018,0.232302039861679,0.4328358173370361,4.567230224609375,74.72000004327128,14,1.430511474609375e-06,3.1321213346219575e-07,1,1,True
163,1,-0.5698561072349548,0.2410258799791336,0.466417908668518,0.2381179332733154,0.4626865684986114,0.313724547624588,0.513059675693512,0.2381179332733154,0.4160447716712951,0.3515278697013855,0.5373134613037109,0.2817371487617492,0.4197761118412018,0.232302039861679,0.4328358173370361,0.2293940931558609,0.4626865684986114,-0.5698584914207458,76.00000003549212,14,2.384185791015625e-06,4.183838272058059e-06,0,0,True
164,1,-0.2272969335317611,0.2381179332733154,0.4626865684986114,0.313724547624588,0.513059675693512,0.2381179332733154,0.4160447716712951,0.3515278697013855,0.5373134613037109,0.2817371487617492,0.4197761118412018,0.232302039861679,0.4328358173370361,0.2293940931558609,0.4626865684986114,0.1915907859802246,0.4402984976768493,-0.227297306060791,73.8520000140852,14,3.7252902990170256e-07,1.6389531706975169e-06,0,0,True
165,1,-0.274118423461914,0.313724547624588,0.513059675693512,0.2381179332733154,0.4160447716712951,0.3515278697013855,0.5373134613037109,0.2817371487617492,0.4197761118412018,0.232302039861679,0.4328358173370361,0.2293940931558609,0.4626865684986114,0.1915907859802246,0.4402984976768493,0.2206702530384063,0.483208954334259,-0.2741233706474304,74.41900004323543,14,4.947185516412933e-06,1.8047621367194587e-05,0,0,True
166,1,-0.2967674136161804,0.2381179332733154,0.4160447716712951,0.3515278697013855,0.5373134613037109,0.2817371487617492,0.4197761118412018,0.232302039861679,0.4328358173370361,0.2293940931558609,0.4626865684986114,0.1915907859802246,0.4402984976768493,0.2206702530384063,0.483208954334259,0.2293940931558609,0.4701492488384247,-0.2967683374881744,146.13500002269575,14,9.238719939630435e-07,3.113118056680978e-06,0,0,True
167,1,5.884561538696289,0.3515278697013855,0.5373134613037109,0.2817371487617492,0.4197761118412018,0.232302039861679,0.4328358173370361,0.2293940931558609,0.4626865684986114,0.1915907859802246,0.4402984976768493,0.2206702530384063,0.483208954334259,0.2293940931558609,0.4701492488384247,0.2061305195093155,0.4496268630027771,5.8845624923706055,74.87400000627531,14,9.5367431640625e-07,1.620637850645257e-07,1,1,True
168,1,-2.6126787662506104,0.2817371487617492,0.4197761118412018,0.232302039861679,0.4328358173370361,0.2293940931558609,0.4626865684986114,0.1915907859802246,0.4402984976768493,0.2206702530384063,0.483208954334259,0.2293940931558609,0.4701492488384247,0.2061305195093155,0.4496268630027771,0.2032225728034973,0.4626865684986114,-2.612679958343506,75.26199999574601,14,1.1920928955078125e-06,4.5627227920505323e-07,0,0,True
169,1,-1.3341673612594604,0.232302039861679,0.4328358173370361,0.2293940931558609,0.4626865684986114,0.1915907859802246,0.4402984976768493,0.2206702530384063,0.483208954334259,0.2293940931558609,0.4701492488384247,0.2061305195093155,0.4496268630027771,0.2032225728034973,0.4626865684986114,0.1596033722162246,0.4365671575069427,-1.3341702222824097,75.79100008570094,14,2.86102294921875e-06,2.144425828644114e-06,0,0,True
170,1,-2.0488810539245605,0.2293940931558609,0.4626865684986114,0.1915907859802246,0.4402984976768493,0.2206702530384063,0.483208954334259,0.2293940931558609,0.4701492488384247,0.2061305195093155,0.4496268630027771,0.2032225728034973,0.4626865684986114,0.1596033722162246,0.4365671575069427,0.1683272123336792,0.4701492488384247,-2.0488815307617188,74.7999999930471,14,4.76837158203125e-07,2.3273052249165951e-07,0,0,True
171,1,-1.3628665208816528,0.1915907859802246,0.4402984976768493,0.2206702530384063,0.483208954334259,0.2293940931558609,0.4701492488384247,0.2061305195093155,0.4496268630027771,0.2032225728034973,0.4626865684986114,0.1596033722162246,0.4365671575069427,0.1683272123336792,0.4701492488384247,0.1886828392744064,0.4776119291782379,-1.3628666400909424,73.37799991091742,14,1.1920928955078125e-07,8.746952671026323e-08,0,0,True
172,1,-1.1252243518829346,0.2206702530384063,0.483208954334259,0.2293940931558609,0.4701492488384247,0.2061305195093155,0.4496268630027771,0.2032225728034973,0.4626865684986114,0.1596033722162246,0.4365671575069427,0.1683272123336792,0.4701492488384247,0.1886828392744064,0.4776119291782379,0.1770510524511337,0.4570895433425903,-1.12522292137146,74.75699999304197,14,1.430511474609375e-06,1.2713122251714312e-06,0,0,True
173,1,-1.3942904472351074,0.2293940931558609,0.4701492488384247,0.2061305195093155,0.4496268630027771,0.2032225728034973,0.4626865684986114,0.1596033722162246,0.4365671575069427,0.1683272123336792,0.4701492488384247,0.1886828392744064,0.4776119291782379,0.1770510524511337,0.4570895433425903,0.1799589991569519,0.466417908668518,-1.3942899703979492,74.43699996656505,14,4.76837158203125e-07,3.4199270255971277e-07,0,0,True
174,1,-1.3465124368667605,0.2061305195093155,0.4496268630027771,0.2032225728034973,0.4626865684986114,0.1596033722162246,0.4365671575069427,0.1683272123336792,0.4701492488384247,0.1886828392744064,0.4776119291782379,0.1770510524511337,0.4570895433425903,0.1799589991569519,0.466417908668518,0.1712351590394973,0.4589552283287048,-1.3465126752853394,73.40299998759292,14,2.384185788795179e-07,1.7706377776524748e-07,0,0,True
175,1,-2.4802231788635254,0.2032225728034973,0.4626865684986114,0.1596033722162246,0.4365671575069427,0.1683272123336792,0.4701492488384247,0.1886828392744064,0.4776119291782379,0.1770510524511337,0.4570895433425903,0.1799589991569519,0.466417908668518,0.1712351590394973,0.4589552283287048,0.2206702530384063,0.4962686598300934,-2.4802207946777344,74.35100008024165,14,2.384185791015625e-06,9.612787314196837e-07,0,0,True
176,1,-2.0731515884399414,0.1596033722162246,0.4365671575069427,0.1683272123336792,0.4701492488384247,0.1886828392744064,0.4776119291782379,0.1770510524511337,0.4570895433425903,0.1799589991569519,0.466417908668518,0.1712351590394973,0.4589552283287048,0.2206702530384063,0.4962686598300934,0.1944987326860427,0.447761207818985,-2.073150396347046,73.48299993736873,14,1.1920928955078125e-06,5.750148238821597e-07,0,0,True
177,1,-1.885156512260437,0.1683272123336792,0.4701492488384247,0.1886828392744064,0.4776119291782379,0.1770510524511337,0.4570895433425903,0.1799589991569519,0.466417908668518,0.1712351590394973,0.4589552283287048,0.2206702530384063,0.4962686598300934,0.1944987326860427,0.447761207818985,0.1683272123336792,0.447761207818985,-1.885157585144043,74.1049999533061,14,1.0728836059570312e-06,5.691217673330302e-07,0,0,True
178,1,-2.038970232009888,0.1886828392744064,0.4776119291782379,0.1770510524511337,0.4570895433425903,0.1799589991569519,0.466417908668518,0.1712351590394973,0.4589552283287048,0.2206702530384063,0.4962686598300934,0.1944987326860427,0.447761207818985,0.1683272123336792,0.447761207818985,0.1683272123336792,0.4645522534847259,-2.0389654636383057,74.16700009343913,14,4.768371582475339e-06,2.3386175568512246e-06,0,0,True
179,1,-2.012575387954712,0.1770510524511337,0.4570895433425903,0.1799589991569519,0.466417908668518,0.1712351590394973,0.4589552283287048,0.2206702530384063,0.4962686598300934,0.1944987326860427,0.447761207818985,0.1683272123336792,0.447761207818985,0.1683272123336792,0.4645522534847259,0.1566954255104065,0.4570895433425903,-2.012575149536133,75.24299996930495,14,2.384185791015625e-07,1.1846442152105237e-07,0,0,True
180,1,2.884065628051758,0.1799589991569519,0.466417908668518,0.1712351590394973,0.4589552283287048,0.2206702530384063,0.4962686598300934,0.1944987326860427,0.447761207818985,0.1683272123336792,0.447761207818985,0.1683272123336792,0.4645522534847259,0.1566954255104065,0.4570895433425903,0.4533059895038605,0.6548507213592529,2.8840649127960205,77.10199997745804,14,7.152557373046875e-07,2.4800258716298927e-07,1,1,True
181,1,3.443873167037964,0.1712351590394973,0.4589552283287048,0.2206702530384063,0.4962686598300934,0.1944987326860427,0.447761207818985,0.1683272123336792,0.447761207818985,0.1683272123336792,0.4645522534847259,0.1566954255104065,0.4570895433425903,0.4533059895038605,0.6548507213592529,0.4416742026805877,0.4570895433425903,3.4438729286193848,74.67700004326616,14,2.384185791015625e-07,6.922977924492603e-08,1,1,True
182,1,3.716474294662476,0.2206702530384063,0.4962686598300934,0.1944987326860427,0.447761207818985,0.1683272123336792,0.447761207818985,0.1683272123336792,0.4645522534847259,0.1566954255104065,0.4570895433425903,0.4533059895038605,0.6548507213592529,0.4416742026805877,0.4570895433425903,0.1508795320987701,0.2779850661754608,3.716475248336792,75.37899989529251,14,9.536743159621608e-07,2.5660726816590883e-07,1,1,True
183,1,4.626898765563965,0.1944987326860427,0.447761207818985,0.1683272123336792,0.447761207818985,0.1683272123336792,0.4645522534847259,0.1566954255104065,0.4570895433425903,0.4533059895038605,0.6548507213592529,0.4416742026805877,0.4570895433425903,0.1508795320987701,0.2779850661754608,0.3980550169944763,0.6231343150138855,4.626896381378174,75.03300003008917,14,2.384185791015625e-06,5.152880821080642e-07,1,1,True
184,1,4.242464542388916,0.1683272123336792,0.447761207818985,0.1683272123336792,0.4645522534847259,0.1566954255104065,0.4570895433425903,0.4533059895038605,0.6548507213592529,0.4416742026805877,0.4570895433425903,0.1508795320987701,0.2779850661754608,0.3980550169944763,0.6231343150138855,0.1886828392744064,0.3302238881587982,4.242464542388916,81.77200004411134,14,0.0,0.0,1,1,True
185,1,4.695895195007324,0.1683272123336792,0.4645522534847259,0.1566954255104065,0.4570895433425903,0.4533059895038605,0.6548507213592529,0.4416742026805877,0.4570895433425903,0.1508795320987701,0.2779850661754608,0.3980550169944763,0.6231343150138855,0.1886828392744064,0.3302238881587982,0.1537874788045883,0.4421641826629638,4.69589376449585,81.25599993036303,14,1.430511474609375e-06,3.046301962041859e-07,1,1,True
186,1,3.9929840564727774,0.1566954255104065,0.4570895433425903,0.4533059895038605,0.6548507213592529,0.4416742026805877,0.4570895433425903,0.1508795320987701,0.2779850661754608,0.3980550169944763,0.6231343150138855,0.1886828392744064,0.3302238881587982,0.1537874788045883,0.4421641826629638,0.1479715853929519,0.4608208835124969,3.992984771728516,76.99100001445913,14,7.152557386369551e-07,1.7912812285776566e-07,1,1,True
187,1,4.1353254318237305,0.4533059895038605,0.6548507213592529,0.4416742026805877,0.4570895433425903,0.1508795320987701,0.2779850661754608,0.3980550169944763,0.6231343150138855,0.1886828392744064,0.3302238881587982,0.1537874788045883,0.4421641826629638,0.1479715853929519,0.4608208835124969,0.1683272123336792,0.4776119291782379,4.13532304763794,74.64600003004307,14,2.3841857901274466e-06,5.76541273337221e-07,1,1,True
188,1,4.065642356872559,0.4416742026805877,0.4570895433425903,0.1508795320987701,0.2779850661754608,0.3980550169944763,0.6231343150138855,0.1886828392744064,0.3302238881587982,0.1537874788045883,0.4421641826629638,0.1479715853929519,0.4608208835124969,0.1683272123336792,0.4776119291782379,0.1276159584522247,0.4384328424930572,4.065642833709717,73.82800004052115,14,4.76837158203125e-07,1.1728458047891986e-07,1,1,True
189,1,4.343230247497559,0.1508795320987701,0.2779850661754608,0.3980550169944763,0.6231343150138855,0.1886828392744064,0.3302238881587982,0.1537874788045883,0.4421641826629638,0.1479715853929519,0.4608208835124969,0.1683272123336792,0.4776119291782379,0.1276159584522247,0.4384328424930572,0.1508795320987701,0.4794776141643524,4.3432297706604,75.31099993229873,14,4.76837158203125e-07,1.0978859766365472e-07,1,1,True
190,1,3.4623770713806152,0.3980550169944763,0.6231343150138855,0.1886828392744064,0.3302238881587982,0.1537874788045883,0.4421641826629638,0.1479715853929519,0.4608208835124969,0.1683272123336792,0.4776119291782379,0.1276159584522247,0.4384328424930572,0.1508795320987701,0.4794776141643524,0.1683272123336792,0.4757462739944458,3.462369441986084,74.57200001681485,14,7.62939453125e-06,2.203513474691477e-06,1,1,True
191,1,3.3216373920440674,0.1886828392744064,0.3302238881587982,0.1537874788045883,0.4421641826629638,0.1479715853929519,0.4608208835124969,0.1683272123336792,0.4776119291782379,0.1276159584522247,0.4384328424930572,0.1508795320987701,0.4794776141643524,0.1683272123336792,0.4757462739944458,0.1770510524511337,0.4701492488384247,3.3216381072998047,75.64299994555768,14,7.152557373046875e-07,2.153322752862358e-07,1,1,True
192,1,-1.707133173942566,0.1537874788045883,0.4421641826629638,0.1479715853929519,0.4608208835124969,0.1683272123336792,0.4776119291782379,0.1276159584522247,0.4384328424930572,0.1508795320987701,0.4794776141643524,0.1683272123336792,0.4757462739944458,0.1770510524511337,0.4701492488384247,0.1508795320987701,0.447761207818985,-1.7071309089660645,75.50199995876028,14,2.2649765014648438e-06,1.3267720035185994e-06,0,0,True
193,1,-1.2337077856063845,0.1479715853929519,0.4608208835124969,0.1683272123336792,0.4776119291782379,0.1276159584522247,0.4384328424930572,0.1508795320987701,0.4794776141643524,0.1683272123336792,0.4757462739944458,0.1770510524511337,0.4701492488384247,0.1508795320987701,0.447761207818985,0.1537874788045883,0.466417908668518,-1.2337055206298828,73.94500005375448,14,2.2649765016868884e-06,1.8359100332447209e-06,0,0,True
194,1,-2.3740270137786865,0.1683272123336792,0.4776119291782379,0.1276159584522247,0.4384328424930572,0.1508795320987701,0.4794776141643524,0.1683272123336792,0.4757462739944458,0.1770510524511337,0.4701492488384247,0.1508795320987701,0.447761207818985,0.1537874788045883,0.466417908668518,0.1886828392744064,0.4869402945041656,-2.374025344848633,74.11700005377497,14,1.6689300537109375e-06,7.029953930703334e-07,0,0,True
195,1,-1.347663402557373,0.1276159584522247,0.4384328424930572,0.1508795320987701,0.4794776141643524,0.1683272123336792,0.4757462739944458,0.1770510524511337,0.4701492488384247,0.1508795320987701,0.447761207818985,0.1537874788045883,0.466417908668518,0.1886828392744064,0.4869402945041656,0.2235781997442245,0.4869402945041656,-1.347658395767212,74.33799999034818,14,5.0067901611328125e-06,3.715163706035018e-06,0,0,True
196,1,-2.013319253921509,0.1508795320987701,0.4794776141643524,0.1683272123336792,0.4757462739944458,0.1770510524511337,0.4701492488384247,0.1508795320987701,0.447761207818985,0.1537874788045883,0.466417908668518,0.1886828392744064,0.4869402945041656,0.2235781997442245,0.4869402945041656,0.1974066793918609,0.447761207818985,-2.0133180618286133,93.16300008777034,14,1.1920928955078125e-06,5.92103260913973e-07,0,0,True
197,1,0.1682244539260864,0.1683272123336792,0.4757462739944458,0.1770510524511337,0.4701492488384247,0.1508795320987701,0.447761207818985,0.1537874788045883,0.466417908668518,0.1886828392744064,0.4869402945041656,0.2235781997442245,0.4869402945041656,0.1974066793918609,0.447761207818985,0.0927205979824066,0.3973880708217621,0.1682257503271103,76.27699994827708,14,1.2964010238925017e-06,7.706376770062857e-06,1,1,True
198,1,0.5320896506309509,0.1770510524511337,0.4701492488384247,0.1508795320987701,0.447761207818985,0.1537874788045883,0.466417908668518,0.1886828392744064,0.4869402945041656,0.2235781997442245,0.4869402945041656,0.1974066793918609,0.447761207818985,0.0927205979824066,0.3973880708217621,0.0869047045707702,0.4608208835124969,0.5320917963981628,75.05899998250243,14,2.1457672119140625e-06,4.0327174365628344e-06,1,1,True
199,1,0.5818582773208618,0.1508795320987701,0.447761207818985,0.1537874788045883,0.466417908668518,0.1886828392744064,0.4869402945041656,0.2235781997442245,0.4869402945041656,0.1974066793918609,0.447761207818985,0.0927205979824066,0.3973880708217621,0.0869047045707702,0.4608208835124969,0.0869047045707702,0.4645522534847259,0.5818594098091125,75.78399993235507,14,1.1324882507324219e-06,1.9463300512745286e-06,1,1,True
