item,required_content,matched_existing_files,current_status,missing_content,risk_level,next_action
Figure 1,System framework from input to detection,"docs/attention_execution_flow.md; results/pynq_sparse_pareto_v2/qks_v2_latency_breakdown_report.md",PARTIAL,"No publication-ready end-to-end system architecture figure with explicit PS/PL boundary",MEDIUM,"Draw one diagram from the existing flow and timing-boundary evidence; no experiment rerun"
Figure 2,Dense versus sparse attention hardware architecture/dataflow/pseudocode,"results/pynq_sparse_pareto_v2/qks_v2_physical_prune_report.md; QKS-v2 HLS source",PARTIAL,"No clean publication-ready dense-vs-QKS-v2 architecture figure and pseudocode panel",MEDIUM,"Create a source-backed diagram showing ATTN_DIM loop/array reduction and unchanged V/FFN"
Figure 3,Event-sparse implementation with pseudocode/algorithm,"real_event_sparse/docs; real_event_sparse/results/compute_skipping_verification.csv",MISSING,"No PYNQ event-sparse result and no verified publication-ready implementation figure",HIGH,"Present only as design/software/HLS-stage work or future work; do not call it a board result"
Figure 4,Quantization/sparsity/event-sparsity Pareto frontier with prior work,"results/pynq_sparse_pareto_v2/figures/fig_exp1_acc_vs_lut.*; experiments/.../audit_acc_vs_lut_fixed.*",PARTIAL,"Q16-QKS-v2 is complete but Q8-QKS-v2 and board-validated event-sparse points are absent; some old figures mix legacy paths",HIGH,"Rebuild final plot only from audited CSV; label QKS-v2 S0/S10/S20/S30; omit unsupported event/Q8-QKS-v2 points"
Table 1,Accuracy precision recall F1 versus prior work,"qks_v2_fpga_model_inference_summary.csv; table_vit4mal_aligned_conservative_comparison.csv",PARTIAL,"Prior-work precision/recall/F1 often unavailable and must remain blank; final thesis formatting absent",LOW,"Create audited comparison table without inventing missing prior-work metrics"
Table 2,Module-level resources and dense comparison,"qks_v2_csynth_summary.csv; qks_v2_vivado_summary.csv; csynth/Vivado reports",PARTIAL,"Only whole-design totals are consolidated; no module hierarchy breakdown",HIGH,"Extract hierarchy/module utilization from existing reports if available; otherwise state whole-design only"
Figure 5,End-to-end latency breakdown and optimized comparison,"fig_supplement_full_application_breakdown.*; qks_v2_latency_breakdown_summary.csv",PARTIAL,"Breakdown exists but optimized-before/after comparison and timing-scope caption need cleanup",MEDIUM,"Regenerate from audited breakdown CSV; use 18.5-18.8 ms scope and suppress 500x headline"
Table 3,Overall resources throughput latency accuracy versus ViT4Mal,"table_vit4mal_aligned_conservative_comparison.csv; qks_v2_vivado_summary.csv",PARTIAL,"Strict aligned 3444x5 timing is blocked; current aligned values are preliminary/non-strict",HIGH,"Use conservative full-application 43x or mark strict aligned pending"
Table 4,Qualitative comparison with ViT4Mal and Linear Transformer reference,"timing_protocol_audit.md; qks_v2_real_sparsity_verdict.md",PARTIAL,"Final qualitative table not yet formatted; must state 29.86 us and cross-task limitation",MEDIUM,"Write qualitative scope/architecture table; never convert 29.86 us to ms"
